"Iteration","Converged","SignificantOSAGenes","CommonGenes","EligiblePoolGenes","SameSignSelectedGenes","SelectedPearson","Error"
1,TRUE,0,12958,110,57,0.822866686779556,
2,TRUE,0,12958,110,48,0.670302268457711,
3,TRUE,0,12958,110,66,0.643196305263732,
4,TRUE,0,12958,110,53,0.73605933343937,
5,TRUE,0,12958,110,63,0.686881167162382,
6,TRUE,0,12958,110,55,0.517355808260282,
7,TRUE,3,12958,110,45,0.532148169181341,
8,TRUE,0,12958,110,46,0.6201739134411,
9,TRUE,0,12958,110,55,0.520000702944438,
10,TRUE,0,12958,110,58,0.728371541988126,
11,TRUE,0,12958,110,70,0.630572868600805,
12,TRUE,0,12958,110,50,0.291543668132093,
13,TRUE,0,12958,110,48,0.78909415446634,
14,TRUE,0,12958,110,47,0.729061488318638,
15,TRUE,0,12958,110,53,0.655349138375484,
16,TRUE,0,12958,110,52,0.729921880068821,
17,TRUE,0,12958,110,62,0.640396891991487,
18,TRUE,0,12958,110,67,0.631123593226672,
19,TRUE,0,12958,110,57,0.750808930433438,
20,TRUE,0,12958,110,53,0.579915350651582,
21,TRUE,0,12958,110,61,0.67395105785165,
22,TRUE,0,12958,110,56,0.638810391617265,
23,TRUE,0,12958,110,61,0.709597889832525,
24,TRUE,0,12958,110,55,0.651219295318136,
25,TRUE,0,12958,110,69,0.689370921570653,
26,TRUE,0,12958,110,42,0.635653272557075,
27,TRUE,0,12958,110,50,0.65853053249281,
28,TRUE,0,12958,110,54,0.652593196137572,
29,TRUE,0,12958,110,64,0.676393873481521,
30,TRUE,0,12958,110,50,0.37400696247959,
31,TRUE,0,12958,110,61,0.615457852242511,
32,TRUE,0,12958,110,47,0.764826516730234,
33,TRUE,0,12958,110,55,0.648950110513114,
34,TRUE,2,12958,110,48,0.655225956413377,
35,TRUE,0,12958,110,64,0.63170155025568,
36,TRUE,0,12958,110,63,0.791203380598214,
37,TRUE,0,12958,110,55,0.504722519778771,
38,TRUE,0,12958,110,45,0.530926333872183,
39,TRUE,0,12958,110,45,0.450736198113285,
40,TRUE,0,12958,110,51,0.661284435740515,
41,TRUE,0,12958,110,56,0.715152302943851,
42,TRUE,0,12958,110,44,0.622212004158905,
43,TRUE,0,12958,110,49,0.638718855169146,
44,TRUE,0,12958,110,65,0.760203213847427,
45,TRUE,0,12958,110,52,0.673088911806155,
46,TRUE,0,12958,110,43,0.746210411817807,
47,TRUE,0,12958,110,36,0.51957281459392,
48,TRUE,0,12958,110,59,0.616041939837445,
49,TRUE,0,12958,110,52,0.729420966271802,
50,TRUE,0,12958,110,51,0.748580998546113,
51,TRUE,0,12958,110,38,0.65885343585489,
52,TRUE,0,12958,110,47,0.56628065135566,
53,TRUE,0,12958,110,49,0.589241181845839,
54,TRUE,0,12958,110,64,0.753603863330058,
55,TRUE,0,12958,110,71,0.726985128783998,
56,TRUE,0,12958,110,70,0.638679157302877,
57,TRUE,0,12958,110,49,0.685317775249145,
58,TRUE,0,12958,110,61,0.737708162908254,
59,TRUE,0,12958,110,46,0.580703363835588,
60,TRUE,0,12958,110,53,0.672198860691418,
61,TRUE,0,12958,110,64,0.711462564958257,
62,TRUE,0,12958,110,41,0.651190304479097,
63,TRUE,0,12958,110,45,0.617704931600162,
64,TRUE,0,12958,110,47,0.637972358098178,
65,TRUE,0,12958,110,44,0.638010430584725,
66,TRUE,0,12958,110,59,0.72951604526977,
67,TRUE,0,12958,110,64,0.73976631358268,
68,TRUE,0,12958,110,59,0.6064612366807,
69,TRUE,0,12958,110,59,0.664736759415947,
70,TRUE,0,12958,110,49,0.691669342127037,
71,TRUE,0,12958,110,50,0.352882880175814,
72,TRUE,0,12958,110,46,0.63106506915872,
73,TRUE,0,12958,110,53,0.595140514338067,
74,TRUE,0,12958,110,46,0.660023364158789,
75,TRUE,0,12958,110,53,0.604321392706939,
76,TRUE,0,12958,110,57,0.592184866082877,
77,TRUE,0,12958,110,48,0.662913672707173,
78,TRUE,0,12958,110,53,0.654564080094194,
79,TRUE,0,12958,110,57,0.678825638970458,
80,TRUE,0,12958,110,58,0.617112750346608,
81,TRUE,0,12958,110,54,0.70567101275537,
82,TRUE,0,12958,110,60,0.592088064714521,
83,TRUE,0,12958,110,41,0.675893336659047,
84,TRUE,8,12958,110,74,0.657360666574394,
85,TRUE,0,12958,110,57,0.632908637370138,
86,TRUE,0,12958,110,49,0.747514356463658,
87,TRUE,0,12958,110,50,0.675057861078243,
88,TRUE,0,12958,110,61,0.763729229316187,
89,TRUE,0,12958,110,65,0.646694486254267,
90,TRUE,0,12958,110,56,0.814903908586534,
91,TRUE,0,12958,110,66,0.662334336183984,
92,TRUE,0,12958,110,62,0.659419351588143,
93,TRUE,0,12958,110,61,0.684557486364145,
94,TRUE,43,12958,111,64,0.688484057512067,
95,TRUE,0,12958,110,62,0.717310397955605,
96,TRUE,0,12958,110,58,0.659078784756481,
97,TRUE,0,12958,110,38,0.710507446636746,
98,TRUE,0,12958,110,60,0.671098905567468,
99,TRUE,0,12958,110,65,0.601077806491105,
100,TRUE,0,12958,110,76,0.67524735491605,
101,TRUE,0,12958,110,63,0.75417669152388,
102,TRUE,0,12958,110,57,0.779860413347669,
103,TRUE,0,12958,110,52,0.754662834171496,
104,TRUE,0,12958,110,60,0.789221857611765,
105,TRUE,0,12958,110,63,0.802244857521877,
106,TRUE,0,12958,110,67,0.614527410906199,
107,TRUE,0,12958,110,61,0.772250224502986,
108,TRUE,0,12958,110,53,0.683096038292325,
109,TRUE,0,12958,110,40,0.629076019982348,
110,TRUE,0,12958,110,57,0.720023170565999,
111,TRUE,0,12958,110,61,0.486502416327045,
112,TRUE,0,12958,110,65,0.777067907968474,
113,TRUE,0,12958,110,41,0.695232614143912,
114,TRUE,0,12958,110,59,0.677178873477906,
115,TRUE,0,12958,110,48,0.780050190705609,
116,TRUE,0,12958,110,47,0.796116725859667,
117,TRUE,0,12958,110,51,0.523972060868056,
118,TRUE,0,12958,110,45,0.602522251133795,
119,TRUE,0,12958,110,44,0.65514595283824,
120,TRUE,0,12958,110,53,0.838678807045313,
121,TRUE,0,12958,110,49,0.643743769382897,
122,TRUE,0,12958,110,70,0.645431060975606,
123,TRUE,0,12958,110,54,0.551102733962586,
124,TRUE,0,12958,110,63,0.795573421006178,
125,TRUE,0,12958,110,63,0.763915402478841,
126,TRUE,0,12958,110,52,0.602297622552087,
127,TRUE,0,12958,110,63,0.639958422947978,
128,TRUE,0,12958,110,63,0.580459552744596,
129,TRUE,0,12958,110,33,0.554992770846189,
130,TRUE,0,12958,110,47,0.748211562101458,
131,TRUE,0,12958,110,61,0.692908695657728,
132,TRUE,0,12958,110,41,0.773582790867348,
133,TRUE,0,12958,110,56,0.683449094249059,
134,TRUE,0,12958,110,53,0.79015837466477,
135,TRUE,0,12958,110,54,0.769428374934344,
136,TRUE,0,12958,110,61,0.713795986993176,
137,TRUE,0,12958,110,53,0.650619726506398,
138,TRUE,0,12958,110,53,0.671888039375913,
139,TRUE,0,12958,110,49,0.733229707601559,
140,TRUE,0,12958,110,44,0.718227684194457,
141,TRUE,0,12958,110,53,0.461925116094553,
142,TRUE,0,12958,110,63,0.583881160111875,
143,TRUE,0,12958,110,59,0.721336152111362,
144,TRUE,0,12958,110,74,0.656322431782219,
145,TRUE,0,12958,110,50,0.542510480594723,
146,TRUE,0,12958,110,62,0.589622274651792,
147,TRUE,0,12958,110,34,0.751111833153468,
148,TRUE,0,12958,110,51,0.67354850468786,
149,TRUE,0,12958,110,57,0.640287058993964,
150,TRUE,0,12958,110,52,0.657121186349666,
151,TRUE,0,12958,110,55,0.70467738957762,
152,TRUE,0,12958,110,56,0.600247057958359,
153,TRUE,0,12958,110,53,0.693221769213719,
154,TRUE,0,12958,110,46,0.774985043839646,
155,TRUE,0,12958,110,42,0.721468784946174,
156,TRUE,0,12958,110,53,0.529082662481932,
157,TRUE,0,12958,110,71,0.7520012989674,
158,TRUE,0,12958,110,52,0.716402777854494,
159,TRUE,0,12958,110,56,0.713967277166178,
160,TRUE,0,12958,110,73,0.659163496472367,
161,TRUE,0,12958,110,54,0.808498076200071,
162,TRUE,0,12958,110,54,0.744688707887058,
163,TRUE,0,12958,110,51,0.73922400862399,
164,TRUE,0,12958,110,58,0.70930826932234,
165,TRUE,0,12958,110,54,0.688486391563258,
166,TRUE,0,12958,110,49,0.772891077197654,
167,TRUE,0,12958,110,49,0.712094178127345,
168,TRUE,0,12958,110,57,0.590112006559533,
169,TRUE,0,12958,110,53,0.673381220586899,
170,TRUE,0,12958,110,59,0.674270561503495,
171,TRUE,0,12958,110,58,0.705144901303297,
172,TRUE,0,12958,110,62,0.633286314737338,
173,TRUE,0,12958,110,50,0.807122822209467,
174,TRUE,0,12958,110,67,0.655916619125064,
175,TRUE,0,12958,110,41,0.5088691007056,
176,TRUE,0,12958,110,52,0.76997633997076,
177,TRUE,0,12958,110,63,0.622451023819534,
178,TRUE,0,12958,110,39,0.562406153683073,
179,TRUE,0,12958,110,54,0.661304280324838,
180,TRUE,2,12958,110,72,0.607809566696551,
181,TRUE,0,12958,110,60,0.675678992330847,
182,TRUE,0,12958,110,56,0.677970850286716,
183,TRUE,0,12958,110,60,0.730311759599666,
184,TRUE,0,12958,110,66,0.605627410520611,
185,TRUE,0,12958,110,61,0.561330154283509,
186,TRUE,0,12958,110,57,0.704748403145355,
187,TRUE,0,12958,110,45,0.772749860027823,
188,TRUE,0,12958,110,72,0.603459338512575,
189,TRUE,0,12958,110,71,0.650331509720209,
190,TRUE,0,12958,110,56,0.609858587055628,
191,TRUE,0,12958,110,51,0.592181296013786,
192,TRUE,0,12958,110,40,0.65789045432325,
193,TRUE,0,12958,110,56,0.717803488038392,
194,TRUE,0,12958,110,61,0.588085515921935,
195,TRUE,0,12958,110,73,0.69333852357952,
196,TRUE,0,12958,110,54,0.556708439920448,
197,TRUE,0,12958,110,67,0.757949532631247,
198,TRUE,0,12958,110,48,0.77367745693777,
199,TRUE,0,12958,110,72,0.67956121143825,
200,TRUE,0,12958,110,48,0.697791211010672,
201,TRUE,0,12958,110,61,0.687024971795068,
202,TRUE,0,12958,110,50,0.71663789045343,
203,TRUE,0,12958,110,47,0.750911782167592,
204,TRUE,0,12958,110,47,0.656829813126244,
205,TRUE,0,12958,110,72,0.598390849815956,
206,TRUE,0,12958,110,51,0.483722890749531,
207,TRUE,0,12958,110,48,0.721435805048628,
208,TRUE,0,12958,110,52,0.661102143608621,
209,TRUE,0,12958,110,61,0.599105377687284,
210,TRUE,0,12958,110,68,0.746864658616167,
211,TRUE,0,12958,110,38,0.707063373315145,
212,TRUE,0,12958,110,65,0.706348673415563,
213,TRUE,0,12958,110,59,0.573195524659546,
214,TRUE,0,12958,110,67,0.755662140285147,
215,TRUE,0,12958,110,62,0.855043996189929,
216,TRUE,0,12958,110,53,0.704572418952859,
217,TRUE,0,12958,110,35,0.701477546575638,
218,TRUE,0,12958,110,56,0.64647754100432,
219,TRUE,0,12958,110,54,0.819625240062195,
220,TRUE,0,12958,110,33,0.674465106287508,
221,TRUE,0,12958,110,45,0.688189302075456,
222,TRUE,0,12958,110,62,0.697324243761258,
223,TRUE,0,12958,110,49,0.699577046407445,
224,TRUE,0,12958,110,69,0.663326396357913,
225,TRUE,0,12958,110,53,0.692522959735703,
226,TRUE,0,12958,110,59,0.686346772702692,
227,TRUE,0,12958,110,68,0.663218116634788,
228,TRUE,0,12958,110,56,0.614537345711816,
229,TRUE,0,12958,110,58,0.612392766371136,
230,TRUE,0,12958,110,45,0.454099510785144,
231,TRUE,0,12958,110,57,0.731771479478296,
232,TRUE,0,12958,110,50,0.677600108048267,
233,TRUE,0,12958,110,44,0.78736210132789,
234,TRUE,0,12958,110,64,0.662486785614002,
235,TRUE,0,12958,110,44,0.663419882432261,
236,TRUE,0,12958,110,57,0.71769371927398,
237,TRUE,0,12958,110,52,0.759537669335114,
238,TRUE,0,12958,110,48,0.728596812820583,
239,TRUE,0,12958,110,59,0.616896136604654,
240,TRUE,0,12958,110,64,0.617059768379586,
241,TRUE,0,12958,110,61,0.689756636986348,
242,TRUE,0,12958,110,76,0.627873986394541,
243,TRUE,0,12958,110,56,0.719949372113779,
244,TRUE,0,12958,110,60,0.603063662516285,
245,TRUE,0,12958,110,67,0.712810061553086,
246,TRUE,0,12958,110,38,0.645327242058038,
247,TRUE,0,12958,110,69,0.575380761232874,
248,TRUE,0,12958,110,63,0.550398747555615,
249,TRUE,0,12958,110,49,0.638152703015431,
250,TRUE,0,12958,110,65,0.63388721650697,
251,TRUE,0,12958,110,53,0.627351900906418,
252,TRUE,0,12958,110,56,0.777083665463,
253,TRUE,0,12958,110,54,0.759061007461168,
254,TRUE,0,12958,110,63,0.547736965997766,
255,TRUE,0,12958,110,44,0.672172056713516,
256,TRUE,0,12958,110,60,0.727444476227275,
257,TRUE,0,12958,110,56,0.523948156013804,
258,TRUE,0,12958,110,54,0.67575959287155,
259,TRUE,0,12958,110,67,0.645270571158395,
260,TRUE,0,12958,110,60,0.665052923610399,
261,TRUE,0,12958,110,54,0.835790517216589,
262,TRUE,0,12958,110,58,0.689233111631793,
263,TRUE,0,12958,110,54,0.64526280535569,
264,TRUE,0,12958,110,52,0.728597079791133,
265,TRUE,0,12958,110,60,0.561390772217547,
266,TRUE,4,12958,110,46,0.704130697242882,
267,TRUE,0,12958,110,52,0.681795914017808,
268,TRUE,0,12958,110,63,0.538618663593819,
269,TRUE,0,12958,110,46,0.642005593307921,
270,TRUE,0,12958,110,72,0.727485339486631,
271,TRUE,0,12958,110,58,0.661837460807019,
272,TRUE,0,12958,110,44,0.678631002180319,
273,TRUE,0,12958,110,46,0.67470594274965,
274,TRUE,0,12958,110,55,0.714509889081783,
275,TRUE,0,12958,110,63,0.786755566059031,
276,TRUE,0,12958,110,43,0.677568416012432,
277,TRUE,0,12958,110,62,0.682490016696428,
278,TRUE,0,12958,110,46,0.771386153797587,
279,TRUE,0,12958,110,53,0.768143242099252,
280,TRUE,0,12958,110,40,0.7120534753977,
281,TRUE,0,12958,110,59,0.711293064388276,
282,TRUE,0,12958,110,74,0.621404336170188,
283,TRUE,0,12958,110,59,0.653008730081602,
284,TRUE,0,12958,110,67,0.658512046158912,
285,TRUE,0,12958,110,40,0.67457010634878,
286,TRUE,0,12958,110,60,0.684509402935798,
287,TRUE,0,12958,110,55,0.744770864884036,
288,TRUE,0,12958,110,68,0.613232254170332,
289,TRUE,0,12958,110,52,0.734843009093963,
290,TRUE,0,12958,110,38,0.729163866679547,
291,TRUE,0,12958,110,43,0.748251670625618,
292,TRUE,0,12958,110,35,0.637203356246909,
293,TRUE,0,12958,110,37,0.809866646740627,
294,TRUE,0,12958,110,57,0.544452976876101,
295,TRUE,0,12958,110,60,0.661347933769376,
296,TRUE,0,12958,110,54,0.694760880477574,
297,TRUE,0,12958,110,60,0.607757364398875,
298,TRUE,0,12958,110,56,0.750058957774138,
299,TRUE,0,12958,110,40,0.311008081376497,
300,TRUE,0,12958,110,51,0.762466160783934,
301,TRUE,0,12958,110,49,0.763003323690351,
302,TRUE,0,12958,110,40,0.723753979759292,
303,TRUE,0,12958,110,47,0.548628735600916,
304,TRUE,0,12958,110,65,0.640660953907579,
305,TRUE,0,12958,110,62,0.743506654482847,
306,TRUE,0,12958,110,55,0.750739569528573,
307,TRUE,0,12958,110,74,0.622837099552702,
308,TRUE,0,12958,110,45,0.75764808598678,
309,TRUE,0,12958,110,49,0.79296815372978,
310,TRUE,0,12958,110,51,0.736941355262463,
311,TRUE,0,12958,110,79,0.691146748195025,
312,TRUE,0,12958,110,66,0.635824005123241,
313,TRUE,1,12958,110,38,0.738969578206218,
314,TRUE,0,12958,110,47,0.304465847076809,
315,TRUE,0,12958,110,51,0.687970572634501,
316,TRUE,0,12958,110,51,0.688894650429626,
317,TRUE,0,12958,110,45,0.465966011131545,
318,TRUE,0,12958,110,46,0.515641508197895,
319,TRUE,0,12958,110,44,0.681112173120777,
320,TRUE,0,12958,110,56,0.642312313933993,
321,TRUE,0,12958,110,36,0.737695266516665,
322,TRUE,0,12958,110,69,0.590109020172451,
323,TRUE,0,12958,110,54,0.707041396310311,
324,TRUE,0,12958,110,69,0.61859074778411,
325,TRUE,0,12958,110,41,0.630797128716498,
326,TRUE,0,12958,110,63,0.646544236813655,
327,TRUE,0,12958,110,63,0.651717703448861,
328,TRUE,0,12958,110,62,0.807909408074952,
329,TRUE,0,12958,110,66,0.63377886047172,
330,TRUE,0,12958,110,41,0.752374102770037,
331,TRUE,0,12958,110,71,0.685758879177305,
332,TRUE,0,12958,110,49,0.3907452282141,
333,TRUE,0,12958,110,59,0.678456585765329,
334,TRUE,0,12958,110,57,0.72668452309779,
335,TRUE,0,12958,110,44,0.742007984336136,
336,TRUE,0,12958,110,53,0.553246470304656,
337,TRUE,0,12958,110,71,0.691421056463168,
338,TRUE,0,12958,110,42,0.742126484985068,
339,TRUE,0,12958,110,51,0.598791425988722,
340,TRUE,0,12958,110,46,0.40653669666189,
341,TRUE,0,12958,110,56,0.687769207990586,
342,TRUE,0,12958,110,50,0.675906666380323,
343,TRUE,0,12958,110,61,0.707546837309019,
344,TRUE,0,12958,110,39,0.697334549268444,
345,TRUE,0,12958,110,36,0.738684777828127,
346,TRUE,0,12958,110,67,0.703729553788234,
347,TRUE,0,12958,110,51,0.779077853299158,
348,TRUE,0,12958,110,63,0.450630438216257,
349,TRUE,0,12958,110,64,0.685861002238143,
350,TRUE,0,12958,110,45,0.746617492792869,
351,TRUE,0,12958,110,50,0.340657173947694,
352,TRUE,0,12958,110,58,0.713654382593782,
353,TRUE,0,12958,110,42,0.663946045216976,
354,TRUE,0,12958,110,56,0.687403377811678,
355,TRUE,0,12958,110,49,0.734377101440077,
356,TRUE,0,12958,110,56,0.711858189974658,
357,TRUE,0,12958,110,42,0.616581567082581,
358,TRUE,0,12958,110,37,0.786771986650177,
359,TRUE,0,12958,110,55,0.777263359989077,
360,TRUE,0,12958,110,42,0.723459976245633,
361,TRUE,0,12958,110,39,0.821992651169981,
362,TRUE,0,12958,110,75,0.62686582432586,
363,TRUE,0,12958,110,57,0.797058408829575,
364,TRUE,0,12958,110,46,0.757424727871797,
365,TRUE,0,12958,110,47,0.676407070570134,
366,TRUE,0,12958,110,60,0.64362154380515,
367,TRUE,0,12958,110,63,0.673461215049343,
368,TRUE,0,12958,110,57,0.718834354832035,
369,TRUE,0,12958,110,41,0.69383434076594,
370,TRUE,0,12958,110,56,0.563036199093861,
371,TRUE,0,12958,110,55,0.545516640628554,
372,TRUE,0,12958,110,67,0.629521986703206,
373,TRUE,0,12958,110,60,0.667041191271806,
374,TRUE,0,12958,110,54,0.709776262195923,
375,TRUE,0,12958,110,78,0.651634066296825,
376,TRUE,0,12958,110,69,0.678731704899577,
377,TRUE,0,12958,110,50,0.669876334077719,
378,TRUE,0,12958,110,58,0.626284783285896,
379,TRUE,0,12958,110,65,0.634978685881899,
380,TRUE,0,12958,110,71,0.667615822642754,
381,TRUE,0,12958,110,53,0.730610118113187,
382,TRUE,0,12958,110,75,0.650263684372173,
383,TRUE,0,12958,110,58,0.796527280096877,
384,TRUE,2,12958,110,61,0.673136443638954,
385,TRUE,0,12958,110,70,0.707874065113429,
386,TRUE,0,12958,110,67,0.764527574326384,
387,TRUE,0,12958,110,63,0.721028590720969,
388,TRUE,0,12958,110,70,0.632910715217707,
389,TRUE,0,12958,110,58,0.653142338102749,
390,TRUE,0,12958,110,54,0.80234076972928,
391,TRUE,0,12958,110,43,0.787764826190765,
392,TRUE,0,12958,110,51,0.641699105680445,
393,TRUE,0,12958,110,52,0.756754988650439,
394,TRUE,0,12958,110,58,0.478422090319241,
395,TRUE,0,12958,110,52,0.508433849166796,
396,TRUE,0,12958,110,60,0.590647332329645,
397,TRUE,0,12958,110,62,0.681524823754945,
398,TRUE,0,12958,110,50,0.501678645505717,
399,TRUE,0,12958,110,63,0.709479873171739,
400,TRUE,0,12958,110,58,0.631372746848004,
401,TRUE,0,12958,110,51,0.764369195120453,
402,TRUE,0,12958,110,39,0.673865702310365,
403,TRUE,0,12958,110,51,0.59947785249753,
404,TRUE,0,12958,110,43,0.56999291610726,
405,TRUE,0,12958,110,60,0.583997432189812,
406,TRUE,0,12958,110,60,0.720306239530791,
407,TRUE,0,12958,110,52,0.64802689482146,
408,TRUE,0,12958,110,48,0.675457258237106,
409,TRUE,0,12958,110,48,0.65263367171671,
410,TRUE,0,12958,110,60,0.699585153744592,
411,TRUE,0,12958,110,43,0.432515152554554,
412,TRUE,0,12958,110,59,0.70621489785698,
413,TRUE,224,12958,111,55,0.750691053688666,
414,TRUE,0,12958,110,54,0.825240152505934,
415,TRUE,0,12958,110,44,0.707481304799735,
416,TRUE,0,12958,110,50,0.700988179173055,
417,TRUE,0,12958,110,48,0.451605427369066,
418,TRUE,0,12958,110,62,0.655313233405145,
419,TRUE,0,12958,110,71,0.697378940820079,
420,TRUE,0,12958,110,52,0.731432890890384,
421,TRUE,0,12958,110,76,0.787322487435801,
422,TRUE,0,12958,110,55,0.651726355897304,
423,TRUE,0,12958,110,54,0.652649622517872,
424,TRUE,0,12958,110,46,0.894932896140078,
425,TRUE,0,12958,110,42,0.803409208582617,
426,TRUE,0,12958,110,39,0.633831492741587,
427,TRUE,0,12958,110,48,0.76978615856322,
428,TRUE,0,12958,110,37,0.674418310405312,
429,TRUE,0,12958,110,50,0.548041046482986,
430,TRUE,0,12958,110,58,0.680683016301628,
431,TRUE,0,12958,110,77,0.659290430103491,
432,TRUE,0,12958,110,48,0.668801978635165,
433,TRUE,0,12958,110,35,0.700900188769881,
434,TRUE,0,12958,110,57,0.681136970508755,
435,TRUE,1,12958,110,52,0.773016511212213,
436,TRUE,0,12958,110,71,0.669864305458558,
437,TRUE,0,12958,110,55,0.778876445850948,
438,TRUE,0,12958,110,54,0.772300398736637,
439,TRUE,0,12958,110,44,0.83181741025869,
440,TRUE,0,12958,110,48,0.797874437147986,
441,TRUE,0,12958,110,49,0.684455253187662,
442,TRUE,0,12958,110,72,0.620166713360546,
443,TRUE,0,12958,110,60,0.732492585556061,
444,TRUE,0,12958,110,48,0.702876266302884,
445,TRUE,0,12958,110,49,0.771018300687016,
446,TRUE,0,12958,110,57,0.705972661106394,
447,TRUE,0,12958,110,48,0.6592479453733,
448,TRUE,0,12958,110,45,0.706743493102694,
449,TRUE,0,12958,110,69,0.631569922446948,
450,TRUE,0,12958,110,68,0.676322392226034,
451,TRUE,0,12958,110,34,0.715505209165431,
452,TRUE,0,12958,110,53,0.694564811510838,
453,TRUE,0,12958,110,50,0.777038818346979,
454,TRUE,0,12958,110,43,0.721515463825606,
455,TRUE,0,12958,110,48,0.624949590761548,
456,TRUE,0,12958,110,55,0.755253450387789,
457,TRUE,0,12958,110,46,0.704716845937715,
458,TRUE,0,12958,110,47,0.645356962652116,
459,TRUE,0,12958,110,63,0.699649928672293,
460,TRUE,0,12958,110,59,0.791299664388124,
461,TRUE,0,12958,110,59,0.660671746328437,
462,TRUE,1,12958,110,44,0.614516995343596,
463,TRUE,0,12958,110,53,0.709043690346292,
464,TRUE,0,12958,110,51,0.737300739018901,
465,TRUE,0,12958,110,59,0.632580149889239,
466,TRUE,0,12958,110,45,0.52237078438091,
467,TRUE,0,12958,110,59,0.582472530082996,
468,TRUE,0,12958,110,65,0.65679489088767,
469,TRUE,0,12958,110,55,0.647134583602957,
470,TRUE,0,12958,110,50,0.466245372761001,
471,TRUE,0,12958,110,56,0.660706206280758,
472,TRUE,0,12958,110,43,0.704481791069224,
473,TRUE,0,12958,110,54,0.638722258103638,
474,TRUE,0,12958,110,43,0.711621829395138,
475,TRUE,0,12958,110,66,0.656232190700704,
476,TRUE,0,12958,110,55,0.70298403216818,
477,TRUE,0,12958,110,39,0.749779967054568,
478,TRUE,0,12958,110,48,0.718334857367032,
479,TRUE,0,12958,110,55,0.475089998847021,
480,TRUE,0,12958,110,58,0.592622560610671,
481,TRUE,0,12958,110,67,0.731793124236207,
482,TRUE,0,12958,110,62,0.665810865795646,
483,TRUE,0,12958,110,45,0.64171990705804,
484,TRUE,0,12958,110,58,0.785323917546585,
485,TRUE,0,12958,110,61,0.671140630977016,
486,TRUE,0,12958,110,34,0.710379053035767,
487,TRUE,0,12958,110,47,0.467263047643292,
488,TRUE,0,12958,110,60,0.784010977164068,
489,TRUE,0,12958,110,45,0.347223687097282,
490,TRUE,0,12958,110,55,0.712768390059776,
491,TRUE,0,12958,110,48,0.67275372405722,
492,TRUE,0,12958,110,50,0.671187203312132,
493,TRUE,0,12958,110,33,0.659971957307204,
494,TRUE,0,12958,110,64,0.634509753005928,
495,TRUE,0,12958,110,48,0.753599504505535,
496,TRUE,0,12958,110,47,0.783879925174206,
497,TRUE,0,12958,110,59,0.704267274361469,
498,TRUE,0,12958,110,48,0.445688007280082,
499,TRUE,0,12958,110,60,0.624811314735885,
500,TRUE,0,12958,110,58,0.55233062575055,
501,TRUE,0,12958,110,52,0.733921254675393,
502,TRUE,0,12958,110,48,0.736029196272555,
503,TRUE,0,12958,110,37,0.591753250747071,
504,TRUE,0,12958,110,50,0.575112407191846,
505,TRUE,0,12958,110,42,0.641458510478819,
506,TRUE,0,12958,110,58,0.698008977999101,
507,TRUE,0,12958,110,63,0.678816747860059,
508,TRUE,0,12958,110,60,0.65565596913207,
509,TRUE,0,12958,110,62,0.583504099081755,
510,TRUE,0,12958,110,47,0.817110010121582,
511,TRUE,0,12958,110,39,0.605310340900076,
512,TRUE,0,12958,110,53,0.691667701002827,
513,TRUE,0,12958,110,43,0.809837679999693,
514,TRUE,0,12958,110,57,0.775352625068499,
515,TRUE,0,12958,110,55,0.543089020449377,
516,TRUE,0,12958,110,43,0.78054300258162,
517,TRUE,0,12958,110,52,0.748771354841525,
518,TRUE,3,12958,110,57,0.767373288971255,
519,TRUE,0,12958,110,54,0.585496956066155,
520,TRUE,0,12958,110,61,0.510212098060566,
521,TRUE,0,12958,110,47,0.584628057049572,
522,TRUE,0,12958,110,64,0.600735904378477,
523,TRUE,0,12958,110,62,0.645389130970315,
524,TRUE,0,12958,110,55,0.758553263376685,
525,TRUE,0,12958,110,45,0.614487388436506,
526,TRUE,0,12958,110,46,0.617104917035822,
527,TRUE,0,12958,110,62,0.64719132028004,
528,TRUE,0,12958,110,61,0.607869281353378,
529,TRUE,0,12958,110,62,0.656661527863043,
530,TRUE,0,12958,110,57,0.676590407108207,
531,TRUE,0,12958,110,54,0.668051091980192,
532,TRUE,0,12958,110,57,0.673641444777561,
533,TRUE,0,12958,110,46,0.385678579705966,
534,TRUE,0,12958,110,54,0.700246156841515,
535,TRUE,0,12958,110,62,0.625370658862341,
536,TRUE,0,12958,110,60,0.560775116297608,
537,TRUE,0,12958,110,71,0.65780677283487,
538,TRUE,0,12958,110,53,0.747244419826437,
539,TRUE,14,12958,110,40,0.426254401327005,
540,TRUE,0,12958,110,51,0.552125661469657,
541,TRUE,0,12958,110,49,0.649200423095191,
542,TRUE,0,12958,110,49,0.626684713495743,
543,TRUE,0,12958,110,55,0.765241556072071,
544,TRUE,0,12958,110,45,0.533077387546242,
545,TRUE,0,12958,110,51,0.713790057811113,
546,TRUE,0,12958,110,48,0.735487499109169,
547,TRUE,0,12958,110,71,0.635945065834676,
548,TRUE,0,12958,110,53,0.695067783795393,
549,TRUE,0,12958,110,73,0.620171490723118,
550,TRUE,0,12958,110,59,0.645996353129421,
551,TRUE,0,12958,110,66,0.628884889919688,
552,TRUE,0,12958,110,66,0.660743769561748,
553,TRUE,0,12958,110,44,0.719174494699929,
554,TRUE,0,12958,110,71,0.617008150931355,
555,TRUE,0,12958,110,68,0.621994919053083,
556,TRUE,0,12958,110,63,0.642876764372699,
557,TRUE,0,12958,110,50,0.716133503708616,
558,TRUE,0,12958,110,33,0.590561106430046,
559,TRUE,0,12958,110,65,0.65024890384983,
560,TRUE,1,12958,110,51,0.670217157116125,
561,TRUE,0,12958,110,60,0.691276271839651,
562,TRUE,0,12958,110,38,0.668078223103357,
563,TRUE,0,12958,110,66,0.651698625991003,
564,TRUE,0,12958,110,57,0.567998346003063,
565,TRUE,0,12958,110,59,0.780895649849162,
566,TRUE,0,12958,110,58,0.686986446902959,
567,TRUE,0,12958,110,57,0.683095101408925,
568,TRUE,0,12958,110,68,0.633639674669972,
569,TRUE,0,12958,110,61,0.508845818849672,
570,TRUE,0,12958,110,58,0.781920820473374,
571,TRUE,0,12958,110,59,0.767619234105132,
572,TRUE,0,12958,110,55,0.562621201597702,
573,TRUE,0,12958,110,60,0.47767968311785,
574,TRUE,0,12958,110,64,0.597761297919564,
575,TRUE,0,12958,110,79,0.671194352337767,
576,TRUE,0,12958,110,58,0.654537661527481,
577,TRUE,0,12958,110,57,0.651083999166338,
578,TRUE,0,12958,110,55,0.712632251091999,
579,TRUE,0,12958,110,37,0.688309071799085,
580,TRUE,0,12958,110,52,0.591440332702981,
581,TRUE,0,12958,110,63,0.594356544806192,
582,TRUE,0,12958,110,62,0.634085242190764,
583,TRUE,0,12958,110,66,0.660236786810822,
584,TRUE,0,12958,110,41,0.585697062357506,
585,TRUE,0,12958,110,59,0.811388151987488,
586,TRUE,0,12958,110,52,0.746624684362799,
587,TRUE,0,12958,110,57,0.657694171782781,
588,TRUE,0,12958,110,55,0.718117433537353,
589,TRUE,0,12958,110,62,0.68651680318867,
590,TRUE,0,12958,110,42,0.669774156425241,
591,TRUE,0,12958,110,44,0.805461715554967,
592,TRUE,0,12958,110,57,0.626124450719548,
593,TRUE,0,12958,110,43,0.500508391415769,
594,TRUE,0,12958,110,56,0.669670298083897,
595,TRUE,0,12958,110,49,0.694750310607741,
596,TRUE,0,12958,110,51,0.616085125173836,
597,TRUE,0,12958,110,49,0.759027620667893,
598,TRUE,0,12958,110,67,0.745550578985094,
599,TRUE,0,12958,110,64,0.80011962499313,
600,TRUE,0,12958,110,49,0.634933320702642,
601,TRUE,0,12958,110,49,0.793633464287255,
602,TRUE,0,12958,110,46,0.523053029617064,
603,TRUE,0,12958,110,53,0.773958226547307,
604,TRUE,0,12958,110,71,0.639019472471287,
605,TRUE,0,12958,110,47,0.582310864789458,
606,TRUE,0,12958,110,40,0.682373552017172,
607,TRUE,65,12958,110,48,0.720392880049717,
608,TRUE,0,12958,110,50,0.491928806502516,
609,TRUE,0,12958,110,46,0.783133068527764,
610,TRUE,0,12958,110,65,0.646397457482194,
611,TRUE,0,12958,110,45,0.751492465115321,
612,TRUE,0,12958,110,47,0.423469444115749,
613,TRUE,0,12958,110,69,0.674508746005207,
614,TRUE,0,12958,110,54,0.735389619247563,
615,TRUE,0,12958,110,52,0.537119180937054,
616,TRUE,0,12958,110,61,0.634348691808633,
617,TRUE,0,12958,110,57,0.704360231699114,
618,TRUE,0,12958,110,67,0.745340963722572,
619,TRUE,0,12958,110,66,0.585805376458026,
620,TRUE,0,12958,110,63,0.736439674477422,
621,TRUE,0,12958,110,44,0.474650437276848,
622,TRUE,0,12958,110,48,0.687555833131201,
623,TRUE,0,12958,110,64,0.568661855891461,
624,TRUE,0,12958,110,57,0.623804403216168,
625,TRUE,0,12958,110,40,0.828497456746557,
626,TRUE,0,12958,110,48,0.677259303288015,
627,TRUE,0,12958,110,62,0.702752563038231,
628,TRUE,0,12958,110,68,0.58928466234878,
629,TRUE,0,12958,110,37,0.625817424915811,
630,TRUE,0,12958,110,60,0.613797612080401,
631,TRUE,0,12958,110,50,0.741847499585228,
632,TRUE,0,12958,110,49,0.749479562923554,
633,TRUE,0,12958,110,49,0.659535504526793,
634,TRUE,0,12958,110,47,0.7462075866867,
635,TRUE,0,12958,110,53,0.589190210108466,
636,TRUE,0,12958,110,51,0.721099587942536,
637,TRUE,0,12958,110,50,0.721683552702814,
638,TRUE,0,12958,110,49,0.545626042057158,
639,TRUE,0,12958,110,57,0.582702019390817,
640,TRUE,0,12958,110,37,0.807498537031676,
641,TRUE,0,12958,110,56,0.636771871318828,
642,TRUE,0,12958,110,48,0.742257712730654,
643,TRUE,0,12958,110,57,0.722725420768037,
644,TRUE,0,12958,110,44,0.65234519499584,
645,TRUE,0,12958,110,49,0.754912473113643,
646,TRUE,0,12958,110,61,0.717613022996622,
647,TRUE,0,12958,110,37,0.62902008874368,
648,TRUE,0,12958,110,48,0.718618127999472,
649,TRUE,0,12958,110,70,0.736349823999424,
650,TRUE,0,12958,110,54,0.716054212111007,
651,TRUE,0,12958,110,48,0.425859831699613,
652,TRUE,0,12958,110,59,0.638821629332165,
653,TRUE,0,12958,110,72,0.697250228169349,
654,TRUE,0,12958,110,52,0.706857454620486,
655,TRUE,0,12958,110,69,0.672556332494836,
656,TRUE,0,12958,110,57,0.623887978112042,
657,TRUE,0,12958,110,63,0.582396661637842,
658,TRUE,0,12958,110,42,0.567224012351738,
659,TRUE,0,12958,110,53,0.493439967237901,
660,TRUE,0,12958,110,53,0.678410542395037,
661,TRUE,0,12958,110,56,0.663153209401402,
662,TRUE,0,12958,110,57,0.58574006684688,
663,TRUE,0,12958,110,36,0.725699577977758,
664,TRUE,0,12958,110,54,0.666510435052542,
665,TRUE,0,12958,110,47,0.796791199321219,
666,TRUE,0,12958,110,52,0.763978659962027,
667,TRUE,0,12958,110,61,0.708031088554795,
668,TRUE,0,12958,110,49,0.691487692807628,
669,TRUE,0,12958,110,71,0.650703207808408,
670,TRUE,0,12958,110,66,0.646059078774513,
671,TRUE,0,12958,110,70,0.686310420538177,
672,TRUE,0,12958,110,43,0.634162240144126,
673,TRUE,0,12958,110,62,0.632924857187653,
674,TRUE,0,12958,110,56,0.79294967193073,
675,TRUE,0,12958,110,48,0.663604887832083,
676,TRUE,0,12958,110,52,0.734756845365746,
677,TRUE,0,12958,110,53,0.459381424689445,
678,TRUE,0,12958,110,54,0.601425889863339,
679,TRUE,0,12958,110,44,0.657812009871087,
680,TRUE,0,12958,110,63,0.759474653916967,
681,TRUE,0,12958,110,51,0.673095820145723,
682,TRUE,0,12958,110,54,0.610597146394927,
683,TRUE,0,12958,110,60,0.696087747052671,
684,TRUE,0,12958,110,51,0.739076579720773,
685,TRUE,0,12958,110,49,0.725415354950488,
686,TRUE,0,12958,110,61,0.504092682162996,
687,TRUE,0,12958,110,56,0.634370964775136,
688,TRUE,0,12958,110,56,0.569335225288358,
689,TRUE,0,12958,110,55,0.661251625087489,
690,TRUE,0,12958,110,48,0.690711833237803,
691,TRUE,0,12958,110,65,0.67156057880115,
692,TRUE,0,12958,110,53,0.80482910913624,
693,TRUE,0,12958,110,55,0.8000034693039,
694,TRUE,0,12958,110,60,0.676348543935648,
695,TRUE,0,12958,110,52,0.729641249786633,
696,TRUE,0,12958,110,44,0.575371364950136,
697,TRUE,0,12958,110,62,0.706381195081091,
698,TRUE,0,12958,110,55,0.790445787293328,
699,TRUE,0,12958,110,58,0.630748663470436,
700,TRUE,0,12958,110,70,0.650062740143354,
701,TRUE,0,12958,110,49,0.550827255172984,
702,TRUE,0,12958,110,55,0.697019467442635,
703,TRUE,0,12958,110,71,0.667713351011245,
704,TRUE,0,12958,110,43,0.616642283239632,
705,TRUE,0,12958,110,76,0.649706424033978,
706,TRUE,0,12958,110,74,0.667997057644359,
707,TRUE,0,12958,110,65,0.658466579813656,
708,TRUE,0,12958,110,44,0.706234037958014,
709,TRUE,0,12958,110,54,0.770017332934201,
710,TRUE,0,12958,110,56,0.622654022269951,
711,TRUE,0,12958,110,48,0.604756018530424,
712,TRUE,0,12958,110,65,0.670884936233398,
713,TRUE,0,12958,110,49,0.758507700372825,
714,TRUE,0,12958,110,39,0.719554593569552,
715,TRUE,0,12958,110,56,0.789896508018953,
716,TRUE,0,12958,110,48,0.801501499409193,
717,TRUE,0,12958,110,65,0.675685514208703,
718,TRUE,0,12958,110,59,0.608414050421726,
719,TRUE,0,12958,110,33,0.637995473985738,
720,TRUE,0,12958,110,59,0.533704482439353,
721,TRUE,0,12958,110,65,0.628909848383413,
722,TRUE,0,12958,110,70,0.666073305449488,
723,TRUE,0,12958,110,56,0.70372433121074,
724,TRUE,0,12958,110,45,0.607956187344759,
725,TRUE,0,12958,110,75,0.651212845063883,
726,TRUE,0,12958,110,58,0.643137829884899,
727,TRUE,0,12958,110,47,0.740452045008482,
728,TRUE,0,12958,110,47,0.687945941172881,
729,TRUE,0,12958,110,58,0.77846778869329,
730,TRUE,0,12958,110,64,0.680791823657755,
731,TRUE,0,12958,110,58,0.632485854543536,
732,TRUE,0,12958,110,55,0.660113227809379,
733,TRUE,0,12958,110,55,0.576740954013384,
734,TRUE,0,12958,110,56,0.769635803367897,
735,TRUE,0,12958,110,69,0.761134170048836,
736,TRUE,0,12958,110,53,0.547695135493063,
737,TRUE,0,12958,110,64,0.609463350175684,
738,TRUE,0,12958,110,57,0.644958536591317,
739,TRUE,0,12958,110,58,0.528644387202256,
740,TRUE,0,12958,110,54,0.707109905593964,
741,TRUE,0,12958,110,66,0.552374980354772,
742,TRUE,0,12958,110,69,0.653419022986927,
743,TRUE,0,12958,110,60,0.618195078175852,
744,TRUE,0,12958,110,47,0.794627985605413,
745,TRUE,0,12958,110,52,0.47281764276698,
746,TRUE,0,12958,110,48,0.734318526104815,
747,TRUE,0,12958,110,43,0.752932045929587,
748,TRUE,2,12958,110,53,0.613686867815894,
749,TRUE,0,12958,110,55,0.66827113968749,
750,TRUE,0,12958,110,45,0.760250044013586,
751,TRUE,0,12958,110,46,0.671758420968305,
752,TRUE,0,12958,110,55,0.661503582227393,
753,TRUE,0,12958,110,50,0.565308406579204,
754,TRUE,0,12958,110,51,0.611835986019606,
755,TRUE,0,12958,110,58,0.707066641517219,
756,TRUE,1,12958,110,51,0.63889516796718,
757,TRUE,0,12958,110,55,0.698748682694807,
758,TRUE,0,12958,110,59,0.64903215713237,
759,TRUE,0,12958,110,48,0.66871722287957,
760,TRUE,0,12958,110,52,0.541965471993366,
761,TRUE,0,12958,110,64,0.682495890882553,
762,TRUE,0,12958,110,37,0.648191206713723,
763,TRUE,0,12958,110,36,0.733390024138312,
764,TRUE,0,12958,110,52,0.770636550759321,
765,TRUE,0,12958,110,40,0.814651030056512,
766,TRUE,0,12958,110,39,0.781618629071036,
767,TRUE,0,12958,110,64,0.599076844975305,
768,TRUE,0,12958,110,54,0.803498127066891,
769,TRUE,0,12958,110,64,0.655289436046929,
770,TRUE,0,12958,110,42,0.477492501744828,
771,TRUE,0,12958,110,54,0.555233129881653,
772,TRUE,0,12958,110,66,0.547939870150153,
773,TRUE,0,12958,110,49,0.786005997834186,
774,TRUE,0,12958,110,50,0.448160115065275,
775,TRUE,0,12958,110,55,0.632529862820174,
776,TRUE,0,12958,110,58,0.657502228373333,
777,TRUE,0,12958,110,51,0.674883821466081,
778,TRUE,0,12958,110,40,0.731161669366168,
779,TRUE,0,12958,110,46,0.686475008815036,
780,TRUE,2,12958,111,57,0.682708499838487,
781,TRUE,0,12958,110,57,0.715535569479208,
782,TRUE,1,12958,110,57,0.598542576376782,
783,TRUE,0,12958,110,43,0.719578053775017,
784,TRUE,0,12958,110,49,0.644261950919077,
785,TRUE,0,12958,110,62,0.699422317877077,
786,TRUE,0,12958,110,44,0.622618039895122,
787,TRUE,0,12958,110,52,0.723973663419571,
788,TRUE,0,12958,110,60,0.641975318157373,
789,TRUE,0,12958,110,46,0.683879069358536,
790,TRUE,0,12958,110,65,0.708181165260782,
791,TRUE,0,12958,110,52,0.727051716372952,
792,TRUE,0,12958,110,59,0.587786955419861,
793,TRUE,0,12958,110,54,0.673144254142723,
794,TRUE,0,12958,110,47,0.705523875646046,
795,TRUE,0,12958,110,56,0.60837829899262,
796,TRUE,0,12958,110,64,0.680839679887487,
797,TRUE,0,12958,110,50,0.727658925551419,
798,TRUE,0,12958,110,76,0.654143418785264,
799,TRUE,0,12958,110,44,0.667437640214986,
800,TRUE,0,12958,110,49,0.744797766301964,
801,TRUE,0,12958,110,61,0.636373150647341,
802,TRUE,0,12958,110,35,0.621450944033583,
803,TRUE,0,12958,110,61,0.634374256536513,
804,TRUE,0,12958,110,48,0.554405812429084,
805,TRUE,0,12958,110,49,0.640246842561497,
806,TRUE,0,12958,110,59,0.633792690870963,
807,TRUE,0,12958,110,48,0.725295882145601,
808,TRUE,0,12958,110,55,0.677789037927589,
809,TRUE,0,12958,110,58,0.684604061396762,
810,TRUE,0,12958,110,71,0.645412353614032,
811,TRUE,0,12958,110,50,0.771221504266058,
812,TRUE,0,12958,110,56,0.695169142449575,
813,TRUE,0,12958,110,45,0.800493644343511,
814,TRUE,0,12958,110,47,0.728158675478523,
815,TRUE,0,12958,110,41,0.734950783755632,
816,TRUE,0,12958,110,54,0.745477432482891,
817,TRUE,0,12958,110,61,0.564761498827571,
818,TRUE,0,12958,110,49,0.616027401625465,
819,TRUE,0,12958,110,63,0.816226053204492,
820,TRUE,1,12958,110,52,0.443125360098434,
821,TRUE,0,12958,110,68,0.747129199729467,
822,TRUE,0,12958,110,56,0.616945172098319,
823,TRUE,0,12958,110,55,0.693075100208364,
824,TRUE,0,12958,110,57,0.618910254765473,
825,TRUE,0,12958,110,49,0.38643578858463,
826,TRUE,0,12958,110,63,0.726826278879166,
827,TRUE,0,12958,110,57,0.70125144708434,
828,TRUE,0,12958,110,33,0.712897330627499,
829,TRUE,0,12958,110,54,0.567805110309375,
830,TRUE,0,12958,110,67,0.664477020308944,
831,TRUE,0,12958,110,56,0.655672625833121,
832,TRUE,0,12958,110,46,0.677770321773019,
833,TRUE,0,12958,110,59,0.668026038326755,
834,TRUE,0,12958,110,51,0.418601833266709,
835,TRUE,0,12958,110,35,0.759868015486068,
836,TRUE,0,12958,110,52,0.776718695206867,
837,TRUE,0,12958,110,54,0.656011371588991,
838,TRUE,0,12958,110,63,0.701038676438197,
839,TRUE,0,12958,110,40,0.677656057604468,
840,TRUE,0,12958,110,67,0.651591806576787,
841,TRUE,0,12958,110,69,0.68901976967052,
842,TRUE,0,12958,110,53,0.774718254145816,
843,TRUE,0,12958,110,47,0.733125448576806,
844,TRUE,0,12958,110,58,0.705817737246714,
845,TRUE,0,12958,110,73,0.686431981879801,
846,TRUE,0,12958,110,64,0.654580768532637,
847,TRUE,0,12958,110,55,0.679706596619622,
848,TRUE,0,12958,110,54,0.605176483550211,
849,TRUE,0,12958,110,45,0.805685695405802,
850,TRUE,0,12958,110,46,0.704019139656762,
851,TRUE,0,12958,110,55,0.76423830495733,
852,TRUE,0,12958,110,52,0.689678221192448,
853,TRUE,0,12958,110,53,0.772610688206068,
854,TRUE,0,12958,110,59,0.676436848429591,
855,TRUE,0,12958,110,50,0.346489539681094,
856,TRUE,0,12958,110,57,0.671434880421524,
857,TRUE,0,12958,110,53,0.421913219944254,
858,TRUE,0,12958,110,57,0.587704187162809,
859,TRUE,0,12958,110,50,0.428418461829127,
860,TRUE,0,12958,110,62,0.719293340726108,
861,TRUE,0,12958,110,51,0.689316597081065,
862,TRUE,0,12958,110,49,0.686138679111368,
863,TRUE,0,12958,110,47,0.539072429162875,
864,TRUE,0,12958,110,57,0.672507718962271,
865,TRUE,61,12958,112,52,0.677278038920607,
866,TRUE,0,12958,110,45,0.676660183716396,
867,TRUE,0,12958,110,67,0.708087213362631,
868,TRUE,0,12958,110,67,0.605835745013273,
869,TRUE,0,12958,110,39,0.66945375418905,
870,TRUE,0,12958,110,47,0.478903596245578,
871,TRUE,0,12958,110,51,0.717656642430946,
872,TRUE,0,12958,110,64,0.64332000009005,
873,TRUE,0,12958,110,70,0.731766378200465,
874,TRUE,0,12958,110,54,0.657655011670379,
875,TRUE,0,12958,110,69,0.645687649502872,
876,TRUE,0,12958,110,55,0.621130682272852,
877,TRUE,0,12958,110,51,0.722233232152204,
878,TRUE,0,12958,110,45,0.424419831029202,
879,TRUE,0,12958,110,42,0.70221844475866,
880,TRUE,0,12958,110,69,0.686587527282975,
881,TRUE,0,12958,110,49,0.638848052900568,
882,TRUE,0,12958,110,58,0.507543092778226,
883,TRUE,0,12958,110,69,0.710919896425347,
884,TRUE,0,12958,110,66,0.676849921811076,
885,TRUE,0,12958,110,70,0.734275403964637,
886,TRUE,0,12958,110,74,0.655686650707904,
887,TRUE,0,12958,110,72,0.583154278855129,
888,TRUE,0,12958,110,49,0.696668680195052,
889,TRUE,0,12958,110,57,0.668666246079743,
890,TRUE,0,12958,110,41,0.473378811653638,
891,TRUE,0,12958,110,56,0.62822161110644,
892,TRUE,0,12958,110,71,0.740716490469747,
893,TRUE,0,12958,110,58,0.689513575063091,
894,TRUE,0,12958,110,51,0.772814030056381,
895,TRUE,0,12958,110,52,0.737224493405264,
896,TRUE,0,12958,110,60,0.654643492219919,
897,TRUE,0,12958,110,48,0.773643737611433,
898,TRUE,0,12958,110,44,0.726434720791836,
899,TRUE,0,12958,110,43,0.740682462905321,
900,TRUE,0,12958,110,67,0.67437848827717,
901,TRUE,0,12958,110,47,0.674640373533317,
902,TRUE,0,12958,110,72,0.706688869186595,
903,TRUE,0,12958,110,53,0.739872972216833,
904,TRUE,0,12958,110,50,0.614734658764217,
905,TRUE,0,12958,110,67,0.760883577698098,
906,TRUE,0,12958,110,50,0.600616312624311,
907,TRUE,0,12958,110,47,0.513139190061958,
908,TRUE,0,12958,110,63,0.655242383345256,
909,TRUE,0,12958,110,42,0.687307908028896,
910,TRUE,0,12958,110,65,0.618282450734136,
911,TRUE,0,12958,110,49,0.549560850855944,
912,TRUE,0,12958,110,52,0.600985445180399,
913,TRUE,0,12958,110,46,0.581586123402336,
914,TRUE,0,12958,110,47,0.676499666928835,
915,TRUE,0,12958,110,71,0.577090930380531,
916,TRUE,0,12958,110,67,0.64173033800981,
917,TRUE,0,12958,110,53,0.61706529777479,
918,TRUE,0,12958,110,54,0.627069407276537,
919,TRUE,0,12958,110,74,0.647377729766324,
920,TRUE,0,12958,110,61,0.619333671628738,
921,TRUE,0,12958,110,60,0.571624563411782,
922,TRUE,0,12958,110,57,0.632745849526667,
923,TRUE,0,12958,110,42,0.627448754402129,
924,TRUE,0,12958,110,47,0.746660859298364,
925,TRUE,0,12958,110,61,0.773041033910953,
926,TRUE,0,12958,110,60,0.541349620368606,
927,TRUE,0,12958,110,50,0.629550386228987,
928,TRUE,0,12958,110,42,0.772418628424402,
929,TRUE,0,12958,110,56,0.684416186571998,
930,TRUE,0,12958,110,56,0.673807622902906,
931,TRUE,0,12958,110,59,0.705581466388767,
932,TRUE,0,12958,110,65,0.685660198493234,
933,TRUE,0,12958,110,48,0.643774449575312,
934,TRUE,0,12958,110,58,0.637751965611262,
935,TRUE,0,12958,110,75,0.671687306477271,
936,TRUE,0,12958,110,50,0.775732253223397,
937,TRUE,0,12958,110,51,0.784893102041369,
938,TRUE,0,12958,110,50,0.322742564867926,
939,TRUE,0,12958,110,59,0.549780968415933,
940,TRUE,0,12958,110,49,0.820855119830511,
941,TRUE,0,12958,110,49,0.686235827149222,
942,TRUE,0,12958,110,57,0.542879655832501,
943,TRUE,0,12958,110,54,0.673608833180263,
944,TRUE,0,12958,110,48,0.822627980432889,
945,TRUE,0,12958,110,43,0.740859141026763,
946,TRUE,0,12958,110,73,0.704996712750048,
947,TRUE,0,12958,110,45,0.727897350177968,
948,TRUE,0,12958,110,51,0.709023027833788,
949,TRUE,0,12958,110,56,0.621909823094104,
950,TRUE,0,12958,110,57,0.64878723562463,
951,TRUE,0,12958,110,67,0.679664205229155,
952,TRUE,0,12958,110,39,0.730283963737412,
953,TRUE,0,12958,110,55,0.618398111227876,
954,TRUE,0,12958,110,37,0.626296900938524,
955,TRUE,0,12958,110,42,0.622037197409741,
956,TRUE,0,12958,110,75,0.719567076237967,
957,TRUE,0,12958,110,56,0.635232804587342,
958,TRUE,0,12958,110,64,0.661510526522675,
959,TRUE,0,12958,110,51,0.677300856666041,
960,TRUE,0,12958,110,60,0.685624405235658,
961,TRUE,0,12958,110,60,0.639989797554675,
962,TRUE,0,12958,110,37,0.590429936192307,
963,TRUE,0,12958,110,53,0.645252653105433,
964,TRUE,0,12958,110,57,0.609063764440708,
965,TRUE,0,12958,110,56,0.684916589566605,
966,TRUE,0,12958,110,39,0.489558741424522,
967,TRUE,1,12958,110,58,0.645883218430595,
968,TRUE,0,12958,110,73,0.726225515168687,
969,TRUE,0,12958,110,57,0.770290351450686,
970,TRUE,0,12958,110,54,0.628994702984012,
971,TRUE,0,12958,110,64,0.603660846198253,
972,TRUE,0,12958,110,52,0.804835646825487,
973,TRUE,0,12958,110,39,0.660921852398022,
974,TRUE,0,12958,110,41,0.698479387834175,
975,TRUE,0,12958,110,54,0.768502253821888,
976,TRUE,0,12958,110,53,0.681681380214993,
977,TRUE,0,12958,110,48,0.753914121217133,
978,TRUE,0,12958,110,58,0.700532299979221,
979,TRUE,0,12958,110,66,0.637768604770914,
980,TRUE,0,12958,110,56,0.714784394984526,
981,TRUE,0,12958,110,58,0.672157199273374,
982,TRUE,0,12958,110,59,0.752964589332396,
983,TRUE,0,12958,110,69,0.659338670823767,
984,TRUE,0,12958,110,51,0.803591305667318,
985,TRUE,0,12958,110,62,0.62979904395099,
986,TRUE,0,12958,110,60,0.676251245694886,
987,TRUE,0,12958,110,46,0.71293045384629,
988,TRUE,1,12958,110,48,0.672136622749486,
989,TRUE,0,12958,110,71,0.601551295137513,
990,TRUE,0,12958,110,67,0.637676104042206,
991,TRUE,0,12958,110,51,0.690003375908071,
992,TRUE,0,12958,110,60,0.758581388723936,
993,TRUE,0,12958,110,66,0.708137357962024,
994,TRUE,0,12958,110,63,0.694091867764039,
995,TRUE,0,12958,110,74,0.620628722192244,
996,TRUE,0,12958,110,52,0.695885976043595,
997,TRUE,0,12958,110,71,0.63458904744725,
998,TRUE,0,12958,110,45,0.571710950240487,
999,TRUE,0,12958,110,41,0.626291971539899,
1000,TRUE,0,12958,110,39,0.745560527598384,
1001,TRUE,0,12958,110,50,0.630831427874404,
1002,TRUE,0,12958,110,58,0.553557839510819,
1003,TRUE,0,12958,110,53,0.645006973904441,
1004,TRUE,0,12958,110,63,0.618762838464035,
1005,TRUE,0,12958,110,53,0.60432465311207,
1006,TRUE,0,12958,110,69,0.656813788058155,
1007,TRUE,0,12958,110,68,0.591188493900126,
1008,TRUE,0,12958,110,56,0.705998016439862,
1009,TRUE,0,12958,110,61,0.507399107334662,
1010,TRUE,0,12958,110,42,0.722368894697327,
1011,TRUE,0,12958,110,53,0.610229578773707,
1012,TRUE,0,12958,110,65,0.659003727119926,
1013,TRUE,0,12958,110,40,0.596436480306946,
1014,TRUE,0,12958,110,57,0.780211444859964,
1015,TRUE,0,12958,110,54,0.596005818065882,
1016,TRUE,0,12958,110,57,0.586961167522507,
1017,TRUE,0,12958,110,34,0.732146211456609,
1018,TRUE,0,12958,110,47,0.676580295405043,
1019,TRUE,0,12958,110,57,0.524982005612874,
1020,TRUE,0,12958,110,70,0.65245993967471,
1021,TRUE,0,12958,110,59,0.666685248012073,
1022,TRUE,0,12958,110,45,0.74323421155889,
1023,TRUE,0,12958,110,60,0.545835848300957,
1024,TRUE,0,12958,110,55,0.674485498449948,
1025,TRUE,2,12958,110,58,0.69317859934038,
1026,TRUE,0,12958,110,56,0.574834015682759,
1027,TRUE,0,12958,110,59,0.666583764815339,
1028,TRUE,0,12958,110,43,0.51849219496606,
1029,TRUE,0,12958,110,57,0.694553424514845,
1030,TRUE,0,12958,110,56,0.644420266823921,
1031,TRUE,0,12958,110,48,0.515724659224447,
1032,TRUE,0,12958,110,70,0.653477843262767,
1033,TRUE,0,12958,110,63,0.624859629086592,
1034,TRUE,0,12958,110,52,0.607204215259754,
1035,TRUE,0,12958,110,50,0.7403225280358,
1036,TRUE,0,12958,110,65,0.695880739651697,
1037,TRUE,0,12958,110,40,0.745053029316563,
1038,TRUE,0,12958,110,53,0.756461207101748,
1039,TRUE,1,12958,110,50,0.578521014497614,
1040,TRUE,0,12958,110,53,0.625738117968991,
1041,TRUE,0,12958,110,46,0.561359506267619,
1042,TRUE,0,12958,110,70,0.643325673062754,
1043,TRUE,0,12958,110,56,0.65630166903737,
1044,TRUE,0,12958,110,46,0.65487674039358,
1045,TRUE,0,12958,110,63,0.766800160202393,
1046,TRUE,0,12958,110,47,0.611931091230668,
1047,TRUE,0,12958,110,64,0.725003571011225,
1048,TRUE,0,12958,110,53,0.797292955039899,
1049,TRUE,0,12958,110,60,0.681922632451787,
1050,TRUE,0,12958,110,62,0.599718931314168,
1051,TRUE,0,12958,110,41,0.790495173736378,
1052,TRUE,0,12958,110,56,0.792561160398626,
1053,TRUE,0,12958,110,62,0.696492906761414,
1054,TRUE,0,12958,110,51,0.576272599183908,
1055,TRUE,0,12958,110,54,0.736855519551905,
1056,TRUE,0,12958,110,58,0.706120363123898,
1057,TRUE,0,12958,110,60,0.598297649127088,
1058,TRUE,0,12958,110,43,0.594501295135815,
1059,TRUE,0,12958,110,41,0.707569792685478,
1060,TRUE,0,12958,110,62,0.620271152855665,
1061,TRUE,0,12958,110,52,0.737506964251031,
1062,TRUE,0,12958,110,57,0.65857260645394,
1063,TRUE,0,12958,110,64,0.597080286769115,
1064,TRUE,0,12958,110,46,0.746187243279538,
1065,TRUE,1,12958,110,69,0.711214160513826,
1066,TRUE,0,12958,110,42,0.658804339879347,
1067,TRUE,0,12958,110,54,0.680111470746787,
1068,TRUE,0,12958,110,62,0.579126847032419,
1069,TRUE,0,12958,110,65,0.777896019782163,
1070,TRUE,0,12958,110,62,0.646276937376589,
1071,TRUE,0,12958,110,76,0.631660145514299,
1072,TRUE,0,12958,110,64,0.620056963196616,
1073,TRUE,0,12958,110,69,0.742244815165021,
1074,TRUE,65,12958,110,46,0.681024985112433,
1075,TRUE,0,12958,110,59,0.760793972497428,
1076,TRUE,0,12958,110,47,0.64268460908269,
1077,TRUE,0,12958,110,60,0.698199672267533,
1078,TRUE,0,12958,110,40,0.61311288996247,
1079,TRUE,0,12958,110,54,0.852894698224892,
1080,TRUE,0,12958,110,50,0.646852510906253,
1081,TRUE,0,12958,110,44,0.637295470964293,
1082,TRUE,0,12958,110,53,0.704709939700217,
1083,TRUE,0,12958,110,62,0.592422354791772,
1084,TRUE,0,12958,110,58,0.770211112526113,
1085,TRUE,0,12958,110,65,0.675471180044841,
1086,TRUE,0,12958,110,58,0.615277100631763,
1087,TRUE,0,12958,110,67,0.647256629762725,
1088,TRUE,0,12958,110,44,0.355790945143135,
1089,TRUE,0,12958,110,39,0.756085215763257,
1090,TRUE,0,12958,110,66,0.698663403808475,
1091,TRUE,0,12958,110,60,0.609979040900805,
1092,TRUE,1,12958,110,51,0.656309375641158,
1093,TRUE,0,12958,110,36,0.61777520739024,
1094,TRUE,0,12958,110,58,0.791096721110663,
1095,TRUE,0,12958,110,48,0.733727909261391,
1096,TRUE,0,12958,110,51,0.625693766646084,
1097,TRUE,0,12958,110,52,0.74649772360493,
1098,TRUE,0,12958,110,57,0.713390994514865,
1099,TRUE,0,12958,110,42,0.742264047922312,
1100,TRUE,0,12958,110,55,0.596784514191749,
1101,TRUE,0,12958,110,48,0.646287236113529,
1102,TRUE,0,12958,110,63,0.71981976643831,
1103,TRUE,0,12958,110,46,0.644651077359277,
1104,TRUE,0,12958,110,61,0.699727947262117,
1105,TRUE,0,12958,110,61,0.638586916980493,
1106,TRUE,0,12958,110,49,0.738665165604944,
1107,TRUE,0,12958,110,54,0.815787216593116,
1108,TRUE,0,12958,110,57,0.63939710526628,
1109,TRUE,0,12958,110,79,0.680730102392702,
1110,TRUE,0,12958,110,77,0.702275469053913,
1111,TRUE,0,12958,110,54,0.713077099631447,
1112,TRUE,0,12958,110,50,0.68022210182446,
1113,TRUE,0,12958,110,65,0.582258689639022,
1114,TRUE,0,12958,110,69,0.664213982370434,
1115,TRUE,0,12958,110,60,0.704587365737218,
1116,TRUE,0,12958,110,55,0.71472676777503,
1117,TRUE,0,12958,110,47,0.77942318059148,
1118,TRUE,0,12958,110,60,0.612214468681912,
1119,TRUE,0,12958,110,61,0.648186026677986,
1120,TRUE,0,12958,110,49,0.555482623370285,
1121,TRUE,0,12958,110,54,0.645988023044892,
1122,TRUE,0,12958,110,48,0.745821358530552,
1123,TRUE,0,12958,110,64,0.624103661936219,
1124,TRUE,0,12958,110,56,0.672565880925656,
1125,TRUE,0,12958,110,44,0.481647932262839,
1126,TRUE,0,12958,110,59,0.564164139395021,
1127,TRUE,0,12958,110,55,0.675456183079543,
1128,TRUE,0,12958,110,55,0.714495572918308,
1129,TRUE,0,12958,110,65,0.545170179874693,
1130,TRUE,0,12958,110,55,0.540541519532595,
1131,TRUE,0,12958,110,71,0.660545658710563,
1132,TRUE,0,12958,110,56,0.772576933349006,
1133,TRUE,0,12958,110,62,0.662986197493098,
1134,TRUE,0,12958,110,57,0.563556424253035,
1135,TRUE,0,12958,110,45,0.766942168347895,
1136,TRUE,0,12958,110,41,0.559562914207276,
1137,TRUE,0,12958,110,54,0.553173906979845,
1138,TRUE,0,12958,110,65,0.65907018195518,
1139,TRUE,0,12958,110,50,0.702880227942171,
1140,TRUE,0,12958,110,71,0.642393843933496,
1141,TRUE,0,12958,110,64,0.705687267023672,
1142,TRUE,0,12958,110,36,0.449322721614922,
1143,TRUE,0,12958,110,66,0.732741174916693,
1144,TRUE,0,12958,110,74,0.694256722726508,
1145,TRUE,0,12958,110,47,0.545819132110535,
1146,TRUE,0,12958,110,54,0.599409454115078,
1147,TRUE,0,12958,110,46,0.758312806966134,
1148,TRUE,0,12958,110,44,0.799837858020025,
1149,TRUE,0,12958,110,72,0.621805880840092,
1150,TRUE,0,12958,110,62,0.690221803080577,
1151,TRUE,0,12958,110,53,0.702455613087783,
1152,TRUE,0,12958,110,43,0.657852913959279,
1153,TRUE,0,12958,110,44,0.768957549941093,
1154,TRUE,0,12958,110,56,0.652878477284162,
1155,TRUE,0,12958,110,66,0.736145506285347,
1156,TRUE,0,12958,110,50,0.690684344088382,
1157,TRUE,0,12958,110,62,0.753852634066685,
1158,TRUE,0,12958,110,58,0.651932165597015,
1159,TRUE,0,12958,110,67,0.623854914024052,
1160,TRUE,0,12958,110,54,0.608023979335021,
1161,TRUE,0,12958,110,47,0.720575294217194,
1162,TRUE,1,12958,110,40,0.575636282930638,
1163,TRUE,0,12958,110,67,0.718359351110269,
1164,TRUE,0,12958,110,59,0.648261264632065,
1165,TRUE,0,12958,110,38,0.549808587171471,
1166,TRUE,0,12958,110,71,0.676533640473081,
1167,TRUE,0,12958,110,45,0.678764036917845,
1168,TRUE,0,12958,110,59,0.719532946411319,
1169,TRUE,0,12958,110,49,0.65806493520243,
1170,TRUE,0,12958,110,41,0.779369595314174,
1171,TRUE,8,12958,110,68,0.57412407564208,
1172,TRUE,0,12958,110,39,0.724683996136578,
1173,TRUE,0,12958,110,55,0.690912347498544,
1174,TRUE,1,12958,110,62,0.681181421500306,
1175,TRUE,0,12958,110,50,0.791670286607662,
1176,TRUE,0,12958,110,58,0.713823028417624,
1177,TRUE,0,12958,110,44,0.805168871314,
1178,TRUE,0,12958,110,69,0.714197891368039,
1179,TRUE,0,12958,110,75,0.680941789829657,
1180,TRUE,0,12958,110,56,0.74731321992733,
1181,TRUE,0,12958,110,50,0.709492108239458,
1182,TRUE,0,12958,110,51,0.703097702846403,
1183,TRUE,0,12958,110,67,0.580412389834025,
1184,TRUE,0,12958,110,62,0.652095791032296,
1185,TRUE,0,12958,110,64,0.724261405119629,
1186,TRUE,0,12958,110,61,0.556369727262494,
1187,TRUE,0,12958,110,43,0.78402225639713,
1188,TRUE,0,12958,110,69,0.655573650614971,
1189,TRUE,0,12958,110,54,0.679499402114652,
1190,TRUE,0,12958,110,42,0.664838053970213,
1191,TRUE,1,12958,110,44,0.669561752287737,
1192,TRUE,0,12958,110,39,0.674128522142197,
1193,TRUE,0,12958,110,55,0.644186692769406,
1194,TRUE,0,12958,110,57,0.631346030249953,
1195,TRUE,0,12958,110,56,0.689823682504255,
1196,TRUE,0,12958,110,51,0.496998231235377,
1197,TRUE,0,12958,110,55,0.736668458945831,
1198,TRUE,0,12958,110,50,0.730113491171188,
1199,TRUE,0,12958,110,53,0.709224235953457,
1200,TRUE,0,12958,110,40,0.348538126442765,
1201,TRUE,0,12958,110,52,0.715698175961368,
1202,TRUE,0,12958,110,44,0.584559888696633,
1203,TRUE,0,12958,110,51,0.772716151383799,
1204,TRUE,0,12958,110,62,0.794072448823785,
1205,TRUE,0,12958,110,42,0.560501382316569,
1206,TRUE,0,12958,110,71,0.722210796039129,
1207,TRUE,0,12958,110,71,0.569957667578813,
1208,TRUE,0,12958,110,60,0.604058370958071,
1209,TRUE,0,12958,110,43,0.727909436599552,
1210,TRUE,0,12958,110,57,0.655631593071237,
1211,TRUE,0,12958,110,72,0.723386737063681,
1212,TRUE,0,12958,110,60,0.732473541009597,
1213,TRUE,0,12958,110,52,0.540892751548456,
1214,TRUE,0,12958,110,48,0.789522351650337,
1215,TRUE,0,12958,110,57,0.668254439254411,
1216,TRUE,0,12958,110,56,0.619749829344016,
1217,TRUE,0,12958,110,55,0.520022414644392,
1218,TRUE,0,12958,110,41,0.618869486648926,
1219,TRUE,0,12958,110,62,0.707371229129198,
1220,TRUE,3,12958,110,59,0.647527090550077,
1221,TRUE,0,12958,110,62,0.585032065038077,
1222,TRUE,0,12958,110,48,0.353486322914543,
1223,TRUE,0,12958,110,59,0.732649918289455,
1224,TRUE,0,12958,110,50,0.668954102145021,
1225,TRUE,0,12958,110,62,0.619418614404742,
1226,TRUE,0,12958,110,49,0.747933573324522,
1227,TRUE,0,12958,110,42,0.716865577989722,
1228,TRUE,0,12958,110,38,0.692188990483106,
1229,TRUE,0,12958,110,47,0.634119480678175,
1230,TRUE,0,12958,110,63,0.626445269828747,
1231,TRUE,0,12958,110,62,0.708976044032517,
1232,TRUE,0,12958,110,47,0.71587146922088,
1233,TRUE,0,12958,110,64,0.641910221089118,
1234,TRUE,0,12958,110,68,0.634529811035334,
1235,TRUE,0,12958,110,62,0.634042967022878,
1236,TRUE,0,12958,110,64,0.724164994160937,
1237,TRUE,0,12958,110,64,0.636061816350096,
1238,TRUE,0,12958,110,54,0.695971231655594,
1239,TRUE,1,12958,110,49,0.710635636440064,
1240,TRUE,0,12958,110,51,0.732727239674101,
1241,TRUE,0,12958,110,39,0.796052634568975,
1242,TRUE,0,12958,110,49,0.84026161784498,
1243,TRUE,0,12958,110,57,0.499281129520497,
1244,TRUE,0,12958,110,76,0.638817458512838,
1245,TRUE,0,12958,110,63,0.761650136915228,
1246,TRUE,0,12958,110,60,0.57842527816205,
1247,TRUE,0,12958,110,45,0.793329589231644,
1248,TRUE,0,12958,110,51,0.720290603595187,
1249,TRUE,0,12958,110,54,0.641731914856044,
1250,TRUE,0,12958,110,69,0.661079983550071,
1251,TRUE,0,12958,110,58,0.654519269448364,
1252,TRUE,0,12958,110,51,0.721239543831258,
1253,TRUE,0,12958,110,62,0.657872772021537,
1254,TRUE,0,12958,110,69,0.721530394383453,
1255,TRUE,0,12958,110,44,0.713199699138767,
1256,TRUE,0,12958,110,55,0.776760813387098,
1257,TRUE,0,12958,110,52,0.727993279016823,
1258,TRUE,0,12958,110,52,0.833904807086218,
1259,TRUE,0,12958,110,61,0.685280278288745,
1260,TRUE,0,12958,110,57,0.55142630896355,
1261,TRUE,0,12958,110,52,0.680540397905501,
1262,TRUE,0,12958,110,47,0.661918210697239,
1263,TRUE,0,12958,110,62,0.639712641041235,
1264,TRUE,0,12958,110,59,0.657927756657862,
1265,TRUE,0,12958,110,47,0.787034388759143,
1266,TRUE,0,12958,110,60,0.597635115158277,
1267,TRUE,0,12958,110,68,0.691517301781152,
1268,TRUE,0,12958,110,52,0.640055954022501,
1269,TRUE,0,12958,110,65,0.752278481989106,
1270,TRUE,0,12958,110,47,0.80680141658534,
1271,TRUE,0,12958,110,49,0.712180905614012,
1272,TRUE,0,12958,110,62,0.735259723211,
1273,TRUE,0,12958,110,65,0.604341971497982,
1274,TRUE,1,12958,110,66,0.582962752645133,
1275,TRUE,0,12958,110,64,0.637215970236612,
1276,TRUE,0,12958,110,47,0.814593455350786,
1277,TRUE,0,12958,110,74,0.639233278585188,
1278,TRUE,0,12958,110,50,0.647372604729406,
1279,TRUE,0,12958,110,63,0.666345053422563,
1280,TRUE,0,12958,110,44,0.715713421859022,
1281,TRUE,0,12958,110,51,0.657150695739168,
1282,TRUE,0,12958,110,74,0.661965039231714,
1283,TRUE,0,12958,110,36,0.731295507270709,
1284,TRUE,0,12958,110,64,0.64360803521197,
1285,TRUE,0,12958,110,70,0.715929922652563,
1286,TRUE,0,12958,110,44,0.535117826852376,
1287,TRUE,0,12958,110,48,0.667573061061282,
1288,TRUE,0,12958,110,47,0.852945531837878,
1289,TRUE,0,12958,110,63,0.703346684251983,
1290,TRUE,0,12958,110,49,0.645689243152048,
1291,TRUE,0,12958,110,45,0.853145489453354,
1292,TRUE,0,12958,110,74,0.712076122092396,
1293,TRUE,0,12958,110,73,0.657141959535484,
1294,TRUE,0,12958,110,49,0.788188677142355,
1295,TRUE,0,12958,110,71,0.662310414160948,
1296,TRUE,0,12958,110,60,0.758323150148507,
1297,TRUE,0,12958,110,61,0.619780806564677,
1298,TRUE,0,12958,110,46,0.390559283251779,
1299,TRUE,0,12958,110,69,0.688926036072531,
1300,TRUE,0,12958,110,62,0.748832762615175,
1301,TRUE,0,12958,110,66,0.645940841806182,
1302,TRUE,0,12958,110,67,0.715553792626494,
1303,TRUE,0,12958,110,46,0.649878177003284,
1304,TRUE,0,12958,110,74,0.625683184759148,
1305,TRUE,0,12958,110,56,0.66075779913511,
1306,TRUE,0,12958,110,57,0.702998629255881,
1307,TRUE,0,12958,110,59,0.643125257109878,
1308,TRUE,0,12958,110,46,0.76584818737174,
1309,TRUE,0,12958,110,65,0.645534569030052,
1310,TRUE,0,12958,110,51,0.707986422527241,
1311,TRUE,0,12958,110,65,0.689786500607118,
1312,TRUE,0,12958,110,63,0.731066047219089,
1313,TRUE,0,12958,110,59,0.607025745419381,
1314,TRUE,0,12958,110,46,0.791303907512508,
1315,TRUE,0,12958,110,61,0.727138751467969,
1316,TRUE,0,12958,110,52,0.64423794526272,
1317,TRUE,0,12958,110,52,0.681516180510857,
1318,TRUE,0,12958,110,56,0.674281061197818,
1319,TRUE,0,12958,110,35,0.793900266535875,
1320,TRUE,0,12958,110,54,0.65149103006942,
1321,TRUE,0,12958,110,59,0.657067083126775,
1322,TRUE,0,12958,110,67,0.688557584737174,
1323,TRUE,0,12958,110,44,0.639191964933349,
1324,TRUE,0,12958,110,76,0.573265998512378,
1325,TRUE,0,12958,110,61,0.603647581830389,
1326,TRUE,0,12958,110,32,0.624100718275426,
1327,TRUE,0,12958,110,49,0.732517058450186,
1328,TRUE,0,12958,110,42,0.71804243512446,
1329,TRUE,0,12958,110,71,0.679179877054981,
1330,TRUE,0,12958,110,46,0.692237938392618,
1331,TRUE,0,12958,110,64,0.634318503383094,
1332,TRUE,0,12958,110,61,0.651324995905788,
1333,TRUE,0,12958,110,72,0.740813609419865,
1334,TRUE,0,12958,110,50,0.759147418874478,
1335,TRUE,0,12958,110,42,0.708629733545898,
1336,TRUE,0,12958,110,63,0.558572525037066,
1337,TRUE,0,12958,110,44,0.790508541006984,
1338,TRUE,0,12958,110,58,0.59075268742817,
1339,TRUE,0,12958,110,45,0.399586547255762,
1340,TRUE,0,12958,110,59,0.661888208068084,
1341,TRUE,0,12958,110,67,0.637572055205516,
1342,TRUE,0,12958,110,48,0.567129731978725,
1343,TRUE,0,12958,110,67,0.647768168076024,
1344,TRUE,0,12958,110,52,0.564195652981581,
1345,TRUE,0,12958,110,61,0.551132939251212,
1346,TRUE,0,12958,110,48,0.742908121713219,
1347,TRUE,0,12958,110,55,0.819955414718904,
1348,TRUE,0,12958,110,46,0.722051076511096,
1349,TRUE,0,12958,110,59,0.684551983737523,
1350,TRUE,0,12958,110,49,0.849464559798658,
1351,TRUE,0,12958,110,45,0.7669802156648,
1352,TRUE,0,12958,110,57,0.54952940706335,
1353,TRUE,0,12958,110,40,0.759823604448147,
1354,TRUE,0,12958,110,43,0.732046877086237,
1355,TRUE,0,12958,110,44,0.810839208455599,
1356,TRUE,0,12958,110,61,0.695634738928986,
1357,TRUE,0,12958,110,59,0.609611602663221,
1358,TRUE,0,12958,110,60,0.661957303963276,
1359,TRUE,0,12958,110,63,0.644675255214172,
1360,TRUE,0,12958,110,54,0.583650909668091,
1361,TRUE,0,12958,110,57,0.716828355530658,
1362,TRUE,0,12958,110,58,0.667611953166431,
1363,TRUE,716,12958,116,57,0.629295481146409,
1364,TRUE,0,12958,110,42,0.565272586661249,
1365,TRUE,0,12958,110,52,0.656682603152407,
1366,TRUE,0,12958,110,51,0.650342745575601,
1367,TRUE,0,12958,110,63,0.568269794195243,
1368,TRUE,0,12958,110,64,0.757513467816682,
1369,TRUE,0,12958,110,68,0.695225388699668,
1370,TRUE,0,12958,110,63,0.617452857800733,
1371,TRUE,0,12958,110,62,0.528434209866822,
1372,TRUE,0,12958,110,61,0.793104800083284,
1373,TRUE,0,12958,110,42,0.717232114735802,
1374,TRUE,0,12958,110,50,0.75533204691701,
1375,TRUE,0,12958,110,39,0.611177084525265,
1376,TRUE,0,12958,110,58,0.656122712972841,
1377,TRUE,0,12958,110,49,0.733119578354188,
1378,TRUE,0,12958,110,52,0.593101286354309,
1379,TRUE,0,12958,110,48,0.645007277020605,
1380,TRUE,0,12958,110,64,0.65693058646592,
1381,TRUE,0,12958,110,58,0.747008692282717,
1382,TRUE,0,12958,110,62,0.628655741027955,
1383,TRUE,0,12958,110,55,0.66375946293953,
1384,TRUE,0,12958,110,48,0.567781736724713,
1385,TRUE,0,12958,110,53,0.72056333762863,
1386,TRUE,0,12958,110,64,0.726411523657585,
1387,TRUE,0,12958,110,46,0.725503068460181,
1388,TRUE,0,12958,110,68,0.61292158965706,
1389,TRUE,0,12958,110,58,0.687455462602593,
1390,TRUE,0,12958,110,42,0.755826126933998,
1391,TRUE,0,12958,110,57,0.686418854141604,
1392,TRUE,0,12958,110,58,0.689964782170662,
1393,TRUE,0,12958,110,69,0.633135047318187,
1394,TRUE,0,12958,110,42,0.683504279380894,
1395,TRUE,0,12958,110,55,0.480032054590727,
1396,TRUE,0,12958,110,69,0.783599637111745,
1397,TRUE,0,12958,110,50,0.448680522015075,
1398,TRUE,0,12958,110,51,0.653253086001485,
1399,TRUE,0,12958,110,49,0.688877826235955,
1400,TRUE,0,12958,110,55,0.578681619948878,
1401,TRUE,0,12958,110,57,0.64708117483063,
1402,TRUE,0,12958,110,49,0.658927244914619,
1403,TRUE,0,12958,110,57,0.58530758108095,
1404,TRUE,0,12958,110,48,0.390970195912835,
1405,TRUE,0,12958,110,41,0.635905308414198,
1406,TRUE,0,12958,110,47,0.83179461799679,
1407,TRUE,0,12958,110,49,0.799730656198175,
1408,TRUE,0,12958,110,57,0.615645063838152,
1409,TRUE,1,12958,110,43,0.760204188410484,
1410,TRUE,0,12958,110,48,0.603274669697072,
1411,TRUE,0,12958,110,53,0.660509700552771,
1412,TRUE,0,12958,110,48,0.600510642553869,
1413,TRUE,0,12958,110,47,0.715333359757961,
1414,TRUE,0,12958,110,61,0.602563344703825,
1415,TRUE,0,12958,110,60,0.834328116901593,
1416,TRUE,0,12958,110,54,0.564447770415037,
1417,TRUE,0,12958,110,54,0.389095424179693,
1418,TRUE,0,12958,110,44,0.731284368720817,
1419,TRUE,0,12958,110,56,0.795852469648496,
1420,TRUE,0,12958,110,39,0.755171710167785,
1421,TRUE,0,12958,110,52,0.744812512143293,
1422,TRUE,0,12958,110,62,0.642345115627838,
1423,TRUE,0,12958,110,55,0.648681334887204,
1424,TRUE,0,12958,110,41,0.671620466616777,
1425,TRUE,0,12958,110,54,0.664464217256709,
1426,TRUE,0,12958,110,62,0.652916320131759,
1427,TRUE,0,12958,110,48,0.724075797217141,
1428,TRUE,0,12958,110,67,0.592894721225959,
1429,TRUE,0,12958,110,61,0.706737555422903,
1430,TRUE,0,12958,110,52,0.710536560283384,
1431,TRUE,0,12958,110,76,0.6529587456988,
1432,TRUE,0,12958,110,49,0.667153300722001,
1433,TRUE,0,12958,110,46,0.639613889040453,
1434,TRUE,0,12958,110,59,0.564351881957883,
1435,TRUE,0,12958,110,53,0.718714256391608,
1436,TRUE,0,12958,110,61,0.648659789174008,
1437,TRUE,0,12958,110,57,0.527333827810687,
1438,TRUE,0,12958,110,51,0.668788445983643,
1439,TRUE,0,12958,110,61,0.615048275243348,
1440,TRUE,0,12958,110,59,0.634592714867645,
1441,TRUE,0,12958,110,68,0.673013211658522,
1442,TRUE,0,12958,110,72,0.679762724052348,
1443,TRUE,0,12958,110,59,0.687697561922821,
1444,TRUE,0,12958,110,40,0.642117334050212,
1445,TRUE,0,12958,110,39,0.831669673096338,
1446,TRUE,0,12958,110,59,0.725927015801231,
1447,TRUE,0,12958,110,54,0.632355361202753,
1448,TRUE,0,12958,110,42,0.776145437823481,
1449,TRUE,0,12958,110,49,0.716542711269223,
1450,TRUE,0,12958,110,46,0.794213938683636,
1451,TRUE,0,12958,110,51,0.622217289221511,
1452,TRUE,0,12958,110,64,0.636537083918059,
1453,TRUE,0,12958,110,57,0.674205939921152,
1454,TRUE,0,12958,110,54,0.668055109405024,
1455,TRUE,0,12958,110,42,0.618648643156362,
1456,TRUE,0,12958,110,49,0.724093422114196,
1457,TRUE,0,12958,110,61,0.697610948737323,
1458,TRUE,0,12958,110,67,0.658804645703594,
1459,TRUE,0,12958,110,53,0.505897544161121,
1460,TRUE,0,12958,110,44,0.72334652600236,
1461,TRUE,0,12958,110,48,0.716789995166584,
1462,TRUE,0,12958,110,52,0.747698399119087,
1463,TRUE,0,12958,110,50,0.753652813140849,
1464,TRUE,0,12958,110,43,0.53739838142381,
1465,TRUE,0,12958,110,61,0.608570000898137,
1466,TRUE,0,12958,110,44,0.685962130178214,
1467,TRUE,0,12958,110,58,0.703475040563088,
1468,TRUE,0,12958,110,44,0.765419834234547,
1469,TRUE,0,12958,110,53,0.679805383759296,
1470,TRUE,0,12958,110,57,0.701971754703169,
1471,TRUE,0,12958,110,54,0.740618142122578,
1472,TRUE,0,12958,110,57,0.64591360878101,
1473,TRUE,0,12958,110,45,0.716339453280367,
1474,TRUE,0,12958,110,62,0.643904546897295,
1475,TRUE,0,12958,110,47,0.74293591165713,
1476,TRUE,0,12958,110,74,0.686967421724405,
1477,TRUE,0,12958,110,56,0.685731209735079,
1478,TRUE,0,12958,110,45,0.743151800207392,
1479,TRUE,0,12958,110,52,0.704772617769232,
1480,TRUE,0,12958,110,44,0.730254193873374,
1481,TRUE,0,12958,110,44,0.668733443108695,
1482,TRUE,0,12958,110,58,0.585721734925237,
1483,TRUE,0,12958,110,52,0.74869368370598,
1484,TRUE,0,12958,110,63,0.697987414308768,
1485,TRUE,0,12958,110,50,0.506606921922158,
1486,TRUE,0,12958,110,55,0.708461430022794,
1487,TRUE,0,12958,110,64,0.647783293477489,
1488,TRUE,2,12958,110,48,0.774855768335068,
1489,TRUE,0,12958,110,61,0.53073129821282,
1490,TRUE,0,12958,110,50,0.775891320739279,
1491,TRUE,0,12958,110,55,0.5701347987848,
1492,TRUE,0,12958,110,57,0.582104766207004,
1493,TRUE,0,12958,110,49,0.707132816115417,
1494,TRUE,1,12958,110,43,0.72209898765915,
1495,TRUE,0,12958,110,40,0.808066955729173,
1496,TRUE,0,12958,110,45,0.644902583410647,
1497,TRUE,0,12958,110,49,0.621675203015742,
1498,TRUE,0,12958,110,37,0.655927490313472,
1499,TRUE,0,12958,110,56,0.583205593853194,
1500,TRUE,0,12958,110,56,0.676709042217486,
1501,TRUE,0,12958,110,62,0.658976700555068,
1502,TRUE,0,12958,110,50,0.776449997179992,
1503,TRUE,0,12958,110,48,0.61011163336711,
1504,TRUE,0,12958,110,51,0.652455954226634,
1505,TRUE,0,12958,110,62,0.606240920024447,
1506,TRUE,0,12958,110,54,0.480744513509181,
1507,TRUE,1,12958,110,51,0.711320830514892,
1508,TRUE,0,12958,110,34,0.66720530095988,
1509,TRUE,0,12958,110,65,0.790043536249013,
1510,TRUE,0,12958,110,55,0.649027984690917,
1511,TRUE,0,12958,110,62,0.676893362968692,
1512,TRUE,0,12958,110,58,0.515438397657672,
1513,TRUE,0,12958,110,70,0.747397780116072,
1514,TRUE,0,12958,110,58,0.724681848624954,
1515,TRUE,0,12958,110,64,0.706813064967752,
1516,TRUE,0,12958,110,64,0.832245143366946,
1517,TRUE,0,12958,110,49,0.722740107854687,
1518,TRUE,0,12958,110,55,0.621823849072324,
1519,TRUE,0,12958,110,69,0.59183628899574,
1520,TRUE,0,12958,110,52,0.559886827638099,
1521,TRUE,0,12958,110,54,0.706614306785161,
1522,TRUE,0,12958,110,64,0.652160442471783,
1523,TRUE,0,12958,110,52,0.729942083094054,
1524,TRUE,0,12958,110,45,0.769606083184361,
1525,TRUE,0,12958,110,68,0.675723951552375,
1526,TRUE,0,12958,110,63,0.641898846734016,
1527,TRUE,0,12958,110,64,0.700170969878792,
1528,TRUE,0,12958,110,56,0.688949543633202,
1529,TRUE,0,12958,110,61,0.62726345925085,
1530,TRUE,0,12958,110,58,0.673676338628237,
1531,TRUE,0,12958,110,68,0.648369946426742,
1532,TRUE,0,12958,110,36,0.634531643496327,
1533,TRUE,0,12958,110,49,0.790204917592284,
1534,TRUE,0,12958,110,49,0.497142085805397,
1535,TRUE,0,12958,110,68,0.746767289550129,
1536,TRUE,0,12958,110,51,0.393063610482841,
1537,TRUE,0,12958,110,48,0.754718250835721,
1538,TRUE,0,12958,110,47,0.771680825379257,
1539,TRUE,0,12958,110,40,0.774794915157608,
1540,TRUE,0,12958,110,57,0.70438873460719,
1541,TRUE,0,12958,110,52,0.664103361982394,
1542,TRUE,0,12958,110,52,0.768945797706286,
1543,TRUE,0,12958,110,56,0.682518948401474,
1544,TRUE,0,12958,110,65,0.748693826543004,
1545,TRUE,0,12958,110,56,0.609489379956316,
1546,TRUE,0,12958,110,67,0.715830434150581,
1547,TRUE,0,12958,110,36,0.541566215002317,
1548,TRUE,0,12958,110,53,0.70736069235858,
1549,TRUE,0,12958,110,50,0.785450268452959,
1550,TRUE,0,12958,110,49,0.810066905588045,
1551,TRUE,0,12958,110,51,0.582291322238522,
1552,TRUE,0,12958,110,47,0.621138381212653,
1553,TRUE,0,12958,110,57,0.764798811871628,
1554,TRUE,0,12958,110,53,0.673643744641599,
1555,TRUE,0,12958,110,72,0.679398893669595,
1556,TRUE,0,12958,110,48,0.723225577351806,
1557,TRUE,0,12958,110,52,0.722245251041849,
1558,TRUE,0,12958,110,76,0.657396744232216,
1559,TRUE,0,12958,110,46,0.606458565192403,
1560,TRUE,0,12958,110,64,0.525216445307197,
1561,TRUE,0,12958,110,53,0.699317490627103,
1562,TRUE,0,12958,110,72,0.670970929558816,
1563,TRUE,2,12958,110,41,0.795400652179719,
1564,TRUE,0,12958,110,51,0.816254759982157,
1565,TRUE,0,12958,110,68,0.596187397809499,
1566,TRUE,0,12958,110,57,0.627709296871674,
1567,TRUE,0,12958,110,64,0.686071364225641,
1568,TRUE,0,12958,110,48,0.57546538869632,
1569,TRUE,0,12958,110,45,0.448576999330826,
1570,TRUE,0,12958,110,73,0.691409205482642,
1571,TRUE,0,12958,110,59,0.642383252085685,
1572,TRUE,0,12958,110,61,0.560275003287221,
1573,TRUE,0,12958,110,60,0.725822085241239,
1574,TRUE,0,12958,110,65,0.647752013484132,
1575,TRUE,0,12958,110,58,0.646980873578106,
1576,TRUE,0,12958,110,68,0.765057726524006,
1577,TRUE,0,12958,110,42,0.647589134826148,
1578,TRUE,0,12958,110,64,0.652961689467833,
1579,TRUE,1,12958,110,62,0.596631968479226,
1580,TRUE,0,12958,110,58,0.687833891434633,
1581,TRUE,0,12958,110,45,0.675858925354408,
1582,TRUE,0,12958,110,73,0.624391263921397,
1583,TRUE,0,12958,110,66,0.656423360349342,
1584,TRUE,0,12958,110,64,0.758122254407235,
1585,TRUE,0,12958,110,39,0.646666586624774,
1586,TRUE,0,12958,110,48,0.588087999743364,
1587,TRUE,0,12958,110,47,0.662390504474452,
1588,TRUE,0,12958,110,71,0.672709565237558,
1589,TRUE,0,12958,110,66,0.649247695299395,
1590,TRUE,0,12958,110,55,0.688083174539039,
1591,TRUE,0,12958,110,52,0.739651636401769,
1592,TRUE,0,12958,110,58,0.718821640870159,
1593,TRUE,0,12958,110,66,0.673717631848267,
1594,TRUE,0,12958,110,76,0.672880388504533,
1595,TRUE,0,12958,110,61,0.639317911796873,
1596,TRUE,0,12958,110,48,0.633243779398147,
1597,TRUE,0,12958,110,50,0.72366870217991,
1598,TRUE,0,12958,110,59,0.682925679087976,
1599,TRUE,0,12958,110,71,0.655852515326114,
1600,TRUE,0,12958,110,63,0.70335333537591,
1601,TRUE,0,12958,110,48,0.402382459358916,
1602,TRUE,1,12958,110,45,0.719205099925952,
1603,TRUE,0,12958,110,45,0.645426950400079,
1604,TRUE,0,12958,110,58,0.602726602967408,
1605,TRUE,0,12958,110,63,0.697365108519444,
1606,TRUE,0,12958,110,56,0.779047594028427,
1607,TRUE,0,12958,110,47,0.641305388553117,
1608,TRUE,0,12958,110,52,0.713265623358887,
1609,TRUE,1,12958,110,34,0.681271195227195,
1610,TRUE,0,12958,110,43,0.770761767997154,
1611,TRUE,0,12958,110,76,0.614950538970379,
1612,TRUE,0,12958,110,44,0.658650626989543,
1613,TRUE,0,12958,110,54,0.65689460720749,
1614,TRUE,0,12958,110,41,0.688077494839859,
1615,TRUE,0,12958,110,61,0.661208659130245,
1616,TRUE,0,12958,110,39,0.66116914992554,
1617,TRUE,0,12958,110,54,0.746178248937294,
1618,TRUE,0,12958,110,74,0.639183706047951,
1619,TRUE,0,12958,110,41,0.79632527367933,
1620,TRUE,0,12958,110,53,0.588475978248881,
1621,TRUE,0,12958,110,56,0.695171535456241,
1622,TRUE,0,12958,110,61,0.706000886458665,
1623,TRUE,0,12958,110,52,0.62773489857592,
1624,TRUE,0,12958,110,72,0.603050641372319,
1625,TRUE,0,12958,110,49,0.61625998841426,
1626,TRUE,0,12958,110,55,0.47866116421007,
1627,TRUE,0,12958,110,70,0.608091360053949,
1628,TRUE,0,12958,110,60,0.632512297242452,
1629,TRUE,0,12958,110,55,0.726131629087715,
1630,TRUE,0,12958,110,54,0.732511005695774,
1631,TRUE,0,12958,110,43,0.566241711886158,
1632,TRUE,0,12958,110,72,0.605714150247698,
1633,TRUE,0,12958,110,58,0.647806359602429,
1634,TRUE,0,12958,110,43,0.804013673393413,
1635,TRUE,0,12958,110,73,0.67068379132595,
1636,TRUE,0,12958,110,37,0.666135268122746,
1637,TRUE,0,12958,110,52,0.594177792749424,
1638,TRUE,0,12958,110,60,0.7099342172408,
1639,TRUE,0,12958,110,43,0.707845542512933,
1640,TRUE,0,12958,110,46,0.552501041293374,
1641,TRUE,0,12958,110,72,0.622726245694314,
1642,TRUE,0,12958,110,50,0.689526900946831,
1643,TRUE,0,12958,110,34,0.596162377583769,
1644,TRUE,0,12958,110,68,0.727532701370178,
1645,TRUE,0,12958,110,50,0.400470421817546,
1646,TRUE,0,12958,110,49,0.40513723291657,
1647,TRUE,0,12958,110,56,0.652149947010441,
1648,TRUE,0,12958,110,62,0.575843691172477,
1649,TRUE,0,12958,110,42,0.685171022656212,
1650,TRUE,0,12958,110,68,0.76187007453836,
1651,TRUE,0,12958,110,58,0.67579807884582,
1652,TRUE,0,12958,110,76,0.644671374996473,
1653,TRUE,0,12958,110,73,0.634558808177734,
1654,TRUE,0,12958,110,57,0.642988226288554,
1655,TRUE,0,12958,110,65,0.672899130205264,
1656,TRUE,0,12958,110,61,0.543382297329064,
1657,TRUE,0,12958,110,59,0.631932051137003,
1658,TRUE,0,12958,110,43,0.590936066240943,
1659,TRUE,0,12958,110,47,0.55168386562304,
1660,TRUE,0,12958,110,56,0.43669550944524,
1661,TRUE,0,12958,110,50,0.606637603109872,
1662,TRUE,0,12958,110,73,0.735894182486764,
1663,TRUE,0,12958,110,53,0.586011141059561,
1664,TRUE,0,12958,110,61,0.650332606961308,
1665,TRUE,0,12958,110,62,0.638836266687359,
1666,TRUE,0,12958,110,48,0.731997357242905,
1667,TRUE,0,12958,110,53,0.60793244750411,
1668,TRUE,0,12958,110,46,0.776882418317986,
1669,TRUE,0,12958,110,65,0.702384962602355,
1670,TRUE,0,12958,110,58,0.535733382701422,
1671,TRUE,0,12958,110,68,0.642226941265352,
1672,TRUE,0,12958,110,42,0.539304983057119,
1673,TRUE,0,12958,110,64,0.648942510871687,
1674,TRUE,0,12958,110,34,0.751338381592849,
1675,TRUE,0,12958,110,60,0.65996514272895,
1676,TRUE,0,12958,110,61,0.743383160810434,
1677,TRUE,0,12958,110,56,0.666898731040828,
1678,TRUE,0,12958,110,65,0.588501965917313,
1679,TRUE,0,12958,110,63,0.753742504001984,
1680,TRUE,0,12958,110,58,0.588521618284934,
1681,TRUE,0,12958,110,44,0.698672196140842,
1682,TRUE,0,12958,110,56,0.601839410476186,
1683,TRUE,0,12958,110,74,0.685002236670529,
1684,TRUE,0,12958,110,60,0.682617301519421,
1685,TRUE,0,12958,110,63,0.634156538935358,
1686,TRUE,0,12958,110,54,0.710257584152969,
1687,TRUE,0,12958,110,54,0.661800245005988,
1688,TRUE,0,12958,110,45,0.726259199413741,
1689,TRUE,0,12958,110,54,0.779929477148948,
1690,TRUE,0,12958,110,71,0.715896314246385,
1691,TRUE,0,12958,110,62,0.739320276297563,
1692,TRUE,0,12958,110,69,0.626929853707976,
1693,TRUE,0,12958,110,71,0.758966111096616,
1694,TRUE,0,12958,110,51,0.762455282788291,
1695,TRUE,0,12958,110,52,0.768886482119741,
1696,TRUE,0,12958,110,60,0.616706242171746,
1697,TRUE,0,12958,110,49,0.629792346957624,
1698,TRUE,0,12958,110,49,0.726008646232082,
1699,TRUE,0,12958,110,57,0.591022000657422,
1700,TRUE,0,12958,110,57,0.720774325607856,
1701,TRUE,0,12958,110,52,0.771621520021639,
1702,TRUE,0,12958,110,55,0.700578571705712,
1703,TRUE,0,12958,110,61,0.638012518853479,
1704,TRUE,0,12958,110,61,0.662587777201878,
1705,TRUE,0,12958,110,66,0.667077731996094,
1706,TRUE,0,12958,110,59,0.759118922966197,
1707,TRUE,0,12958,110,42,0.708577426828285,
1708,TRUE,0,12958,110,62,0.670543403607213,
1709,TRUE,3,12958,110,63,0.646227059639304,
1710,TRUE,0,12958,110,35,0.73623611408075,
1711,TRUE,0,12958,110,48,0.663156399906602,
1712,TRUE,0,12958,110,51,0.71432470863741,
1713,TRUE,0,12958,110,39,0.622203338715561,
1714,TRUE,0,12958,110,49,0.744956399487581,
1715,TRUE,0,12958,110,55,0.717464750242995,
1716,TRUE,0,12958,110,38,0.608459839798518,
1717,TRUE,0,12958,110,64,0.61759679772148,
1718,TRUE,0,12958,110,66,0.615932800464122,
1719,TRUE,0,12958,110,54,0.593881495173778,
1720,TRUE,0,12958,110,69,0.664571373383693,
1721,TRUE,0,12958,110,59,0.658206690000305,
1722,TRUE,0,12958,110,37,0.754328600631871,
1723,TRUE,0,12958,110,52,0.841634496623053,
1724,TRUE,0,12958,110,50,0.597337633415995,
1725,TRUE,0,12958,110,57,0.554941580810235,
1726,TRUE,0,12958,110,51,0.470899997379649,
1727,TRUE,0,12958,110,54,0.649666809804282,
1728,TRUE,0,12958,110,61,0.724845095217008,
1729,TRUE,0,12958,110,54,0.708394247379153,
1730,TRUE,0,12958,110,48,0.722985311851433,
1731,TRUE,0,12958,110,64,0.689227295907148,
1732,TRUE,0,12958,110,62,0.724264214093465,
1733,TRUE,0,12958,110,54,0.729171301823437,
1734,TRUE,0,12958,110,60,0.707730823907333,
1735,TRUE,0,12958,110,59,0.818418775794414,
1736,TRUE,0,12958,110,42,0.683785900715306,
1737,TRUE,0,12958,110,53,0.70202707522125,
1738,TRUE,0,12958,110,54,0.335878721067916,
1739,TRUE,0,12958,110,56,0.766776812487877,
1740,TRUE,0,12958,110,54,0.714781713615847,
1741,TRUE,0,12958,110,54,0.807095717176725,
1742,TRUE,0,12958,110,48,0.494273196156377,
1743,TRUE,0,12958,110,71,0.643799028633199,
1744,TRUE,0,12958,110,73,0.623673897367195,
1745,TRUE,0,12958,110,49,0.611147303519341,
1746,TRUE,0,12958,110,65,0.669600577950005,
1747,TRUE,0,12958,110,69,0.607227202112897,
1748,TRUE,0,12958,110,52,0.740632221475122,
1749,TRUE,12,12958,110,52,0.639428709612368,
1750,TRUE,0,12958,110,52,0.62409216041637,
1751,TRUE,0,12958,110,57,0.749043556987131,
1752,TRUE,0,12958,110,72,0.662764173345014,
1753,TRUE,0,12958,110,59,0.862579705902796,
1754,TRUE,0,12958,110,70,0.692941901686134,
1755,TRUE,0,12958,110,50,0.529155581904331,
1756,TRUE,0,12958,110,60,0.723170254781075,
1757,TRUE,0,12958,110,57,0.73881182275367,
1758,TRUE,0,12958,110,51,0.628734399664596,
1759,TRUE,0,12958,110,46,0.638783542181048,
1760,TRUE,0,12958,110,51,0.584350137304667,
1761,TRUE,0,12958,110,45,0.694297681778816,
1762,TRUE,0,12958,110,51,0.741041765366608,
1763,TRUE,0,12958,110,50,0.685449245830497,
1764,TRUE,0,12958,110,68,0.694957337913732,
1765,TRUE,0,12958,110,67,0.65481047912051,
1766,TRUE,0,12958,110,59,0.713829894928425,
1767,TRUE,0,12958,110,62,0.682072227400368,
1768,TRUE,0,12958,110,68,0.642170248770293,
1769,TRUE,0,12958,110,57,0.458598676161452,
1770,TRUE,0,12958,110,47,0.686222639834085,
1771,TRUE,0,12958,110,49,0.523860963312188,
1772,TRUE,0,12958,110,63,0.655898179377756,
1773,TRUE,0,12958,110,43,0.448625468189012,
1774,TRUE,0,12958,110,61,0.674605545639799,
1775,TRUE,0,12958,110,54,0.777301289136593,
1776,TRUE,0,12958,110,35,0.720069434920811,
1777,TRUE,0,12958,110,69,0.660169709350365,
1778,TRUE,0,12958,110,46,0.704561369370807,
1779,TRUE,0,12958,110,54,0.751875889368121,
1780,TRUE,0,12958,110,43,0.763001079784033,
1781,TRUE,0,12958,110,69,0.688426350998211,
1782,TRUE,0,12958,110,53,0.606222488344122,
1783,TRUE,0,12958,110,57,0.653382408510475,
1784,TRUE,0,12958,110,53,0.540226328839741,
1785,TRUE,0,12958,110,53,0.51668158727678,
1786,TRUE,0,12958,110,55,0.690105674461628,
1787,TRUE,0,12958,110,64,0.561183093444898,
1788,TRUE,0,12958,110,60,0.678878195650971,
1789,TRUE,0,12958,110,40,0.771470827353311,
1790,TRUE,0,12958,110,57,0.722021752044608,
1791,TRUE,0,12958,110,61,0.687655532573176,
1792,TRUE,0,12958,110,48,0.792208769276834,
1793,TRUE,0,12958,110,52,0.495869149561646,
1794,TRUE,0,12958,110,68,0.679628369227023,
1795,TRUE,0,12958,110,49,0.84712087870989,
1796,TRUE,0,12958,110,56,0.763646386422177,
1797,TRUE,0,12958,110,63,0.645928078597404,
1798,TRUE,0,12958,110,40,0.690184015059611,
1799,TRUE,0,12958,110,63,0.65626532804751,
1800,TRUE,0,12958,110,57,0.702682161882284,
1801,TRUE,0,12958,110,53,0.686900835104426,
1802,TRUE,0,12958,110,65,0.714080760307115,
1803,TRUE,0,12958,110,63,0.667818826950759,
1804,TRUE,0,12958,110,50,0.437278512781657,
1805,TRUE,0,12958,110,51,0.666625587601559,
1806,TRUE,0,12958,110,54,0.52914922502321,
1807,TRUE,0,12958,110,64,0.653515420742921,
1808,TRUE,0,12958,110,57,0.769431656513108,
1809,TRUE,0,12958,110,52,0.689723105988274,
1810,TRUE,0,12958,110,65,0.643137631338885,
1811,TRUE,0,12958,110,44,0.787105693035909,
1812,TRUE,0,12958,110,49,0.658974739874096,
1813,TRUE,0,12958,110,53,0.739536998161138,
1814,TRUE,0,12958,110,49,0.769747173257973,
1815,TRUE,0,12958,110,56,0.615607620889933,
1816,TRUE,14,12958,110,65,0.610114472470112,
1817,TRUE,0,12958,110,51,0.717837810176728,
1818,TRUE,0,12958,110,47,0.695976775606393,
1819,TRUE,0,12958,110,49,0.601984241285205,
1820,TRUE,0,12958,110,51,0.75972575869312,
1821,TRUE,0,12958,110,68,0.718122654478691,
1822,TRUE,0,12958,110,61,0.61325640388651,
1823,TRUE,0,12958,110,38,0.596292518432317,
1824,TRUE,1,12958,110,48,0.577651921214932,
1825,TRUE,0,12958,110,70,0.600555011364688,
1826,TRUE,0,12958,110,46,0.77314323337993,
1827,TRUE,0,12958,110,62,0.674631191630928,
1828,TRUE,0,12958,110,43,0.683195036976846,
1829,TRUE,0,12958,110,38,0.644111762382343,
1830,TRUE,0,12958,110,65,0.689427294907055,
1831,TRUE,0,12958,110,68,0.59835787393816,
1832,TRUE,0,12958,110,57,0.739370979588038,
1833,TRUE,0,12958,110,50,0.651847217825391,
1834,TRUE,0,12958,110,64,0.719309368590061,
1835,TRUE,0,12958,110,65,0.774895776268785,
1836,TRUE,0,12958,110,42,0.796681822332195,
1837,TRUE,0,12958,110,59,0.589501258454607,
1838,TRUE,0,12958,110,65,0.670161419145777,
1839,TRUE,0,12958,110,52,0.794747432957483,
1840,TRUE,0,12958,110,67,0.678927026353716,
1841,TRUE,0,12958,110,60,0.767268090554822,
1842,TRUE,0,12958,110,56,0.617526094910133,
1843,TRUE,0,12958,110,54,0.811737704486083,
1844,TRUE,0,12958,110,60,0.661599293447974,
1845,TRUE,28,12958,110,47,0.667917538694958,
1846,TRUE,0,12958,110,63,0.555633251188588,
1847,TRUE,0,12958,110,38,0.757508720840519,
1848,TRUE,0,12958,110,47,0.487782662043439,
1849,TRUE,0,12958,110,46,0.711530462947997,
1850,TRUE,19,12958,111,64,0.611955343968524,
1851,TRUE,0,12958,110,61,0.761788753799122,
1852,TRUE,0,12958,110,72,0.725062175104734,
1853,TRUE,0,12958,110,43,0.599475348675548,
1854,TRUE,0,12958,110,57,0.671151735067599,
1855,TRUE,0,12958,110,53,0.702264019092262,
1856,TRUE,0,12958,110,47,0.670912837282852,
1857,TRUE,0,12958,110,62,0.649444752584234,
1858,TRUE,0,12958,110,56,0.732365145750286,
1859,TRUE,0,12958,110,57,0.627882810778804,
1860,TRUE,0,12958,110,40,0.700315049792636,
1861,TRUE,0,12958,110,50,0.668878636578904,
1862,TRUE,0,12958,110,51,0.813517165073881,
1863,TRUE,0,12958,110,62,0.686598670908481,
1864,TRUE,0,12958,110,72,0.695589181613824,
1865,TRUE,0,12958,110,63,0.657078706367988,
1866,TRUE,0,12958,110,54,0.708144483037929,
1867,TRUE,0,12958,110,57,0.652787683317865,
1868,TRUE,0,12958,110,54,0.764432807500059,
1869,TRUE,0,12958,110,65,0.608195127971017,
1870,TRUE,0,12958,110,52,0.590505592400501,
1871,TRUE,0,12958,110,55,0.60415136056827,
1872,TRUE,0,12958,110,71,0.744168136666294,
1873,TRUE,0,12958,110,45,0.746636576704099,
1874,TRUE,0,12958,110,72,0.65183985768836,
1875,TRUE,0,12958,110,55,0.701468651450687,
1876,TRUE,0,12958,110,36,0.72819126256837,
1877,TRUE,0,12958,110,62,0.644456754057437,
1878,TRUE,0,12958,110,73,0.651330111392192,
1879,TRUE,0,12958,110,58,0.59044236848899,
1880,TRUE,0,12958,110,48,0.698353471399584,
1881,TRUE,0,12958,110,70,0.634436647254028,
1882,TRUE,0,12958,110,47,0.80182198852383,
1883,TRUE,0,12958,110,47,0.686122387767557,
1884,TRUE,0,12958,110,48,0.757084940252223,
1885,TRUE,0,12958,110,49,0.732011711030482,
1886,TRUE,0,12958,110,45,0.686056003813042,
1887,TRUE,0,12958,110,62,0.64147700243971,
1888,TRUE,0,12958,110,69,0.70493578753497,
1889,TRUE,0,12958,110,55,0.57018659582968,
1890,TRUE,3,12958,110,57,0.652231206829424,
1891,TRUE,0,12958,110,46,0.652882327982825,
1892,TRUE,0,12958,110,57,0.397963872025544,
1893,TRUE,0,12958,110,55,0.699288712878995,
1894,TRUE,0,12958,110,51,0.701439528244271,
1895,TRUE,0,12958,110,56,0.681505817450501,
1896,TRUE,0,12958,110,41,0.485386406947346,
1897,TRUE,0,12958,110,60,0.752173102147995,
1898,TRUE,0,12958,110,63,0.616088846874029,
1899,TRUE,0,12958,110,41,0.648828341510758,
1900,TRUE,0,12958,110,35,0.61453065564269,
1901,TRUE,0,12958,110,44,0.469865957566738,
1902,TRUE,0,12958,110,58,0.654180810034794,
1903,TRUE,0,12958,110,72,0.667939369422014,
1904,TRUE,0,12958,110,72,0.646134986760524,
1905,TRUE,0,12958,110,59,0.656324001767419,
1906,TRUE,0,12958,110,52,0.726388854129147,
1907,TRUE,0,12958,110,54,0.667690720490162,
1908,TRUE,0,12958,110,59,0.601319271076733,
1909,TRUE,0,12958,110,59,0.718705340170999,
1910,TRUE,0,12958,110,56,0.617012675407363,
1911,TRUE,0,12958,110,67,0.593792380282623,
1912,TRUE,0,12958,110,43,0.76082941934932,
1913,TRUE,0,12958,110,62,0.708260176164651,
1914,TRUE,0,12958,110,52,0.708036050084688,
1915,TRUE,0,12958,110,56,0.716755193352124,
1916,TRUE,0,12958,110,40,0.769354607262633,
1917,TRUE,0,12958,110,41,0.702117327853841,
1918,TRUE,0,12958,110,51,0.579081736602515,
1919,TRUE,0,12958,110,48,0.792517668010148,
1920,TRUE,0,12958,110,43,0.738581631304848,
1921,TRUE,0,12958,110,41,0.598468572444183,
1922,TRUE,0,12958,110,64,0.62001150265265,
1923,TRUE,0,12958,110,65,0.701012231730327,
1924,TRUE,0,12958,110,47,0.75350402118786,
1925,TRUE,0,12958,110,50,0.769405051436749,
1926,TRUE,0,12958,110,53,0.760956568261234,
1927,TRUE,0,12958,110,44,0.755220598884452,
1928,TRUE,0,12958,110,63,0.706878776694274,
1929,TRUE,0,12958,110,55,0.535769348809826,
1930,TRUE,0,12958,110,53,0.734806047348227,
1931,TRUE,0,12958,110,73,0.644887557544468,
1932,TRUE,0,12958,110,61,0.649748429191051,
1933,TRUE,0,12958,110,59,0.688787450212977,
1934,TRUE,0,12958,110,45,0.697651492134996,
1935,TRUE,0,12958,110,56,0.690511106502238,
1936,TRUE,0,12958,110,46,0.608174454790128,
1937,TRUE,0,12958,110,49,0.543216077461052,
1938,TRUE,0,12958,110,64,0.651601413941521,
1939,TRUE,0,12958,110,76,0.642710283393742,
1940,TRUE,0,12958,110,68,0.629029630150271,
1941,TRUE,0,12958,110,40,0.718512574264808,
1942,TRUE,0,12958,110,51,0.684528340258611,
1943,TRUE,0,12958,110,78,0.63476493122,
1944,TRUE,0,12958,110,56,0.616386674712405,
1945,TRUE,0,12958,110,70,0.605220018432869,
1946,TRUE,0,12958,110,61,0.661477298456453,
1947,TRUE,0,12958,110,60,0.625053671356934,
1948,TRUE,0,12958,110,52,0.717152210116553,
1949,TRUE,0,12958,110,57,0.759189394465675,
1950,TRUE,0,12958,110,69,0.712260557532011,
1951,TRUE,0,12958,110,62,0.650362575322696,
1952,TRUE,0,12958,110,51,0.630340376558779,
1953,TRUE,0,12958,110,58,0.647157638081823,
1954,TRUE,0,12958,110,52,0.747331388242065,
1955,TRUE,0,12958,110,54,0.742327817535945,
1956,TRUE,0,12958,110,49,0.789575173517935,
1957,TRUE,0,12958,110,58,0.727006356899599,
1958,TRUE,0,12958,110,73,0.625047781819606,
1959,TRUE,0,12958,110,47,0.499423829005347,
1960,TRUE,0,12958,110,54,0.479745865768951,
1961,TRUE,0,12958,110,55,0.789611098349123,
1962,TRUE,0,12958,110,71,0.720445221173459,
1963,TRUE,0,12958,110,44,0.801340911000017,
1964,TRUE,0,12958,110,39,0.648630206666471,
1965,TRUE,0,12958,110,58,0.562949956224698,
1966,TRUE,0,12958,110,60,0.731966834776895,
1967,TRUE,0,12958,110,40,0.659030966796466,
1968,TRUE,0,12958,110,49,0.584521179173021,
1969,TRUE,0,12958,110,68,0.668524203769049,
1970,TRUE,0,12958,110,52,0.650391677217204,
1971,TRUE,0,12958,110,56,0.638885189417967,
1972,TRUE,0,12958,110,55,0.713503870782055,
1973,TRUE,0,12958,110,55,0.622855077281718,
1974,TRUE,1451,12958,128,69,0.639966166720601,
1975,TRUE,0,12958,110,39,0.677453125162711,
1976,TRUE,0,12958,110,53,0.704843018371606,
1977,TRUE,0,12958,110,46,0.700324694096221,
1978,TRUE,0,12958,110,43,0.779286065356553,
1979,TRUE,0,12958,110,43,0.736394006383233,
1980,TRUE,0,12958,110,56,0.773030663557124,
1981,TRUE,0,12958,110,58,0.772856297277945,
1982,TRUE,1,12958,110,49,0.719852208419307,
1983,TRUE,0,12958,110,49,0.784431524335269,
1984,TRUE,0,12958,110,55,0.605510222671549,
1985,TRUE,0,12958,110,52,0.399155317685651,
1986,TRUE,0,12958,110,62,0.647569795891544,
1987,TRUE,0,12958,110,60,0.679797892583855,
1988,TRUE,0,12958,110,46,0.695330631675495,
1989,TRUE,0,12958,110,58,0.671798283646253,
1990,TRUE,0,12958,110,54,0.774665604455977,
1991,TRUE,0,12958,110,61,0.640915384673334,
1992,TRUE,0,12958,110,45,0.782479360280746,
1993,TRUE,0,12958,110,59,0.662353296305936,
1994,TRUE,0,12958,110,46,0.670283408707313,
1995,TRUE,0,12958,110,48,0.602946655542992,
1996,TRUE,0,12958,110,58,0.781114376368191,
1997,TRUE,0,12958,110,62,0.724954501527858,
1998,TRUE,0,12958,110,53,0.841240435099754,
1999,TRUE,0,12958,110,48,0.791732685756313,
2000,TRUE,0,12958,110,40,0.753863646179423,
