"Gene","MASLD_log2FC","MASLD_FDR","MASLD_significant","OSA_log2FC","OSA_FDR","OSA_significant","OSA_hub_and_MASLD_DE","MASLD_hub_and_OSA_DE","AnalysisID","SameSignObserved","EligibilityEvidence"
"RPS27A",1.15031421516503,1.7914033357181e-36,TRUE,-0.207467637697279,0.537335045928279,FALSE,TRUE,FALSE,"topology_primary",FALSE,"OSA_hub_x_MASLD_DE"
"IL10RA",-1.58944094285136,8.47712317583951e-29,TRUE,0.0648309740898807,0.83845541527824,FALSE,TRUE,FALSE,"topology_primary",FALSE,"OSA_hub_x_MASLD_DE"
"VAMP8",1.00214811794478,2.41571210369073e-25,TRUE,0.169974235865304,0.63967771669463,FALSE,TRUE,FALSE,"topology_primary",TRUE,"OSA_hub_x_MASLD_DE"
"VSIG4",-2.15129496165648,7.10210387108129e-23,TRUE,0.122475180462704,0.767311207803796,FALSE,TRUE,FALSE,"topology_primary",FALSE,"OSA_hub_x_MASLD_DE"
"FABP4",4.05635541308262,3.72483616356724e-21,TRUE,0.183059340711556,0.686444849778465,FALSE,TRUE,FALSE,"topology_primary",TRUE,"OSA_hub_x_MASLD_DE"
"RPL26",1.08327865742714,6.01352982619852e-21,TRUE,0.225113254748816,0.688697042209002,FALSE,TRUE,FALSE,"topology_primary",TRUE,"OSA_hub_x_MASLD_DE"
"NDUFB6",0.570383548692173,1.1521449437665e-19,TRUE,0.118408967253768,0.758935024594485,FALSE,TRUE,FALSE,"topology_primary",TRUE,"OSA_hub_x_MASLD_DE"
"NPR1",-1.27951350237589,1.7588044009714e-19,TRUE,-0.161298245771171,0.66653393332064,FALSE,TRUE,FALSE,"topology_primary",TRUE,"OSA_hub_x_MASLD_DE"
"PFDN5",0.862444396661473,7.58665771818982e-18,TRUE,-0.0907682779995444,0.83629213566226,FALSE,TRUE,FALSE,"topology_primary",FALSE,"OSA_hub_x_MASLD_DE"
"KRT18",1.32075020984737,8.46346080215386e-17,TRUE,-0.161706420971746,0.79600175812803,FALSE,TRUE,FALSE,"topology_primary",FALSE,"OSA_hub_x_MASLD_DE"
"ATP6V0B",0.928789662087572,9.75768819820383e-17,TRUE,-0.0512590841500864,0.849532474893091,FALSE,TRUE,FALSE,"topology_primary",FALSE,"OSA_hub_x_MASLD_DE"
"DOCK2",-1.41111393053294,2.58877164424565e-16,TRUE,0.207606072742367,0.547145939930498,FALSE,TRUE,FALSE,"topology_primary",FALSE,"OSA_hub_x_MASLD_DE"
"ROBO4",-0.9763460480756,3.16343436638013e-15,TRUE,0.0384035360810438,0.921162104587927,FALSE,TRUE,FALSE,"topology_primary",FALSE,"OSA_hub_x_MASLD_DE"
"ATN1",-0.785943549431116,2.00519365510048e-14,TRUE,-0.0922374057999245,0.742434554645662,FALSE,TRUE,FALSE,"topology_primary",TRUE,"OSA_hub_x_MASLD_DE"
"PPP1R13B",-0.559872843183687,2.91178639384598e-14,TRUE,-0.0143424397409942,0.968304444906546,FALSE,TRUE,FALSE,"topology_primary",TRUE,"OSA_hub_x_MASLD_DE"
"FCER1G",-1.46555883375859,5.09302922654615e-13,TRUE,0.134137475339891,0.786024399319673,FALSE,TRUE,FALSE,"topology_primary",FALSE,"OSA_hub_x_MASLD_DE"
"RIPOR1",-0.713431136449634,5.14962654278389e-13,TRUE,-0.130587547790786,0.644695827436059,FALSE,TRUE,FALSE,"topology_primary",TRUE,"OSA_hub_x_MASLD_DE"
"NDUFA1",0.779869483802689,9.86974514208237e-13,TRUE,-0.197909259050608,0.704927004208832,FALSE,TRUE,FALSE,"topology_primary",FALSE,"OSA_hub_x_MASLD_DE"
"CD4",-1.22913278531991,2.48852602657867e-12,TRUE,0.120015579328807,0.703312366047608,FALSE,TRUE,FALSE,"topology_primary",FALSE,"OSA_hub_x_MASLD_DE"
"COL1A2",1.39444127997758,2.73026832399065e-12,TRUE,0.111197671914145,0.8678812399035,FALSE,TRUE,FALSE,"topology_primary",TRUE,"OSA_hub_x_MASLD_DE"
"HECTD1",-0.78421560892487,5.63899200598033e-12,TRUE,0.142205274434656,0.634321036998918,FALSE,TRUE,FALSE,"topology_primary",FALSE,"OSA_hub_x_MASLD_DE"
"COMMD6",0.645494298975665,3.11440222141857e-11,TRUE,0.0811028386365942,0.838194614060224,FALSE,TRUE,FALSE,"topology_primary",TRUE,"OSA_hub_x_MASLD_DE"
"ATP5ME",0.881651975137626,5.3653567767946e-11,TRUE,-0.301623991056101,0.3763814939544,FALSE,TRUE,FALSE,"topology_primary",FALSE,"OSA_hub_x_MASLD_DE"
"BAG1",0.553347188980317,8.89308929408498e-11,TRUE,-0.0606533350692121,0.814838605866839,FALSE,TRUE,FALSE,"topology_primary",FALSE,"OSA_hub_x_MASLD_DE"
"TSC2",-0.593711563176076,2.26260636000325e-10,TRUE,-0.0673981326719157,0.830986196361535,FALSE,TRUE,FALSE,"topology_primary",TRUE,"OSA_hub_x_MASLD_DE"
"ITPKB",-0.774647503683922,3.97839517729833e-10,TRUE,0.051989327444782,0.884026009182967,FALSE,TRUE,FALSE,"topology_primary",FALSE,"OSA_hub_x_MASLD_DE"
"NCKAP1L",-1.11584518295455,1.09604121042127e-09,TRUE,0.189765625702388,0.592560089107747,FALSE,TRUE,FALSE,"topology_primary",FALSE,"OSA_hub_x_MASLD_DE"
"PIEZO1",-0.873621785052781,1.80179725300417e-09,TRUE,-0.121599258741321,0.753392817672635,FALSE,TRUE,FALSE,"topology_primary",TRUE,"OSA_hub_x_MASLD_DE"
"ADA2",-1.15554367314083,1.999941888253e-09,TRUE,0.013346573221645,0.973614835779651,FALSE,TRUE,FALSE,"topology_primary",FALSE,"OSA_hub_x_MASLD_DE"
"EGR1",-2.53703917701469,2.81094697457817e-09,TRUE,-0.0135304636382051,0.989331927008074,FALSE,TRUE,FALSE,"topology_primary",TRUE,"OSA_hub_x_MASLD_DE"
"MPLKIP",0.548119892809319,4.07168491778235e-09,TRUE,0.551250716919917,0.500067456193741,FALSE,TRUE,FALSE,"topology_primary",TRUE,"OSA_hub_x_MASLD_DE"
"SNRPE",0.453280721573703,4.77265362909092e-09,TRUE,0.200801576201475,0.633699243291964,FALSE,TRUE,FALSE,"topology_primary",TRUE,"OSA_hub_x_MASLD_DE"
"COPRS",0.832838927631459,8.23014425076147e-09,TRUE,0.0717023985091069,0.820407763409307,FALSE,TRUE,FALSE,"topology_primary",TRUE,"OSA_hub_x_MASLD_DE"
"COL1A1",1.62489271620991,2.05719112858131e-08,TRUE,-0.0060363999624051,0.994295043497334,FALSE,TRUE,FALSE,"topology_primary",FALSE,"OSA_hub_x_MASLD_DE"
"C1QA",-0.972743446522303,3.99225885217538e-08,TRUE,0.0139060664618802,0.972945801747148,FALSE,TRUE,FALSE,"topology_primary",FALSE,"OSA_hub_x_MASLD_DE"
"OTULINL",-1.18217269001796,5.35496085241831e-08,TRUE,0.0805391418525057,0.809372556170145,FALSE,TRUE,FALSE,"topology_primary",FALSE,"OSA_hub_x_MASLD_DE"
"FLNB",-0.479054316533923,5.43692782423089e-08,TRUE,0.137850182501036,0.763143746188654,FALSE,TRUE,FALSE,"topology_primary",FALSE,"OSA_hub_x_MASLD_DE"
"SNRPB",0.606118487384378,6.9247005534803e-08,TRUE,-0.0899597204786171,0.827496443826512,FALSE,TRUE,FALSE,"topology_primary",FALSE,"OSA_hub_x_MASLD_DE"
"SLC7A2",-0.828243396795656,7.11712725466612e-08,TRUE,0.0828132206248734,0.844855082885189,FALSE,TRUE,FALSE,"topology_primary",FALSE,"OSA_hub_x_MASLD_DE"
"PELI1",-0.618865316500014,9.46212267379228e-08,TRUE,0.117526201795036,0.843803771875419,FALSE,TRUE,FALSE,"topology_primary",FALSE,"OSA_hub_x_MASLD_DE"
"IQSEC1",-0.415506793409386,1.19640374261822e-07,TRUE,-0.160955632239599,0.656028818299739,FALSE,TRUE,FALSE,"topology_primary",TRUE,"OSA_hub_x_MASLD_DE"
"CDKN1A",1.23973328133044,1.78990246912616e-07,TRUE,-0.19133619975114,0.652861766459984,FALSE,TRUE,FALSE,"topology_primary",FALSE,"OSA_hub_x_MASLD_DE"
"HECTD3",-0.383481439756258,2.82141887477589e-07,TRUE,-0.104242261647793,0.755250496821461,FALSE,TRUE,FALSE,"topology_primary",TRUE,"OSA_hub_x_MASLD_DE"
"PTPRF",-0.380773223711253,4.45034904810264e-07,TRUE,-0.0777012982840696,0.850941342565781,FALSE,TRUE,FALSE,"topology_primary",TRUE,"OSA_hub_x_MASLD_DE"
"SLC12A4",0.492789164809121,5.41700785427984e-07,TRUE,-0.0170013587040698,0.968835294093239,FALSE,TRUE,FALSE,"topology_primary",FALSE,"OSA_hub_x_MASLD_DE"
"SLC7A7",-0.855528608391617,5.62709464220405e-07,TRUE,0.0374179836762933,0.912320750876861,FALSE,TRUE,FALSE,"topology_primary",FALSE,"OSA_hub_x_MASLD_DE"
"RPL36",0.791541562425452,5.82634894875204e-07,TRUE,-0.145253489622186,0.68318366711353,FALSE,TRUE,FALSE,"topology_primary",FALSE,"OSA_hub_x_MASLD_DE"
"LAPTM5",-0.902043631858744,8.81834805937256e-07,TRUE,0.213765422635271,0.625295376443726,FALSE,TRUE,FALSE,"topology_primary",FALSE,"OSA_hub_x_MASLD_DE"
"SLU7",0.487315069165831,1.0284273035924e-06,TRUE,0.501101628303383,0.268314242386759,FALSE,TRUE,FALSE,"topology_primary",TRUE,"OSA_hub_x_MASLD_DE"
"ZC3H7B",-0.42286957427233,1.90024922438249e-06,TRUE,-0.0609787044816707,0.878659118471897,FALSE,TRUE,FALSE,"topology_primary",TRUE,"OSA_hub_x_MASLD_DE"
"NDUFB1",0.520249794431937,2.25386753443741e-06,TRUE,-0.00560140655040993,0.986315958595728,FALSE,TRUE,FALSE,"topology_primary",FALSE,"OSA_hub_x_MASLD_DE"
"STXBP3",0.452200196719853,3.00533734245626e-06,TRUE,0.396364149867436,0.268314242386759,FALSE,TRUE,FALSE,"topology_primary",TRUE,"OSA_hub_x_MASLD_DE"
"RPL24",0.408751192751434,4.42616296542619e-06,TRUE,0.0341229688539259,0.93800752140357,FALSE,TRUE,FALSE,"topology_primary",TRUE,"OSA_hub_x_MASLD_DE"
"MMP11",1.80139773357053,6.366540031598e-06,TRUE,-0.124959467792071,0.641922547274524,FALSE,TRUE,FALSE,"topology_primary",FALSE,"OSA_hub_x_MASLD_DE"
"SLC71A1",-1.49204953611961,6.84592520375939e-06,TRUE,0.413833227903848,0.282206782637017,FALSE,TRUE,FALSE,"topology_primary",FALSE,"OSA_hub_x_MASLD_DE"
"SUMO1",0.428012914036177,7.32858764370153e-06,TRUE,0.467746303020324,0.298821317295608,FALSE,TRUE,FALSE,"topology_primary",TRUE,"OSA_hub_x_MASLD_DE"
"PRKAR2B",-0.642358538258401,1.77963355817208e-05,TRUE,0.263967556928766,0.412261409079528,FALSE,TRUE,FALSE,"topology_primary",FALSE,"OSA_hub_x_MASLD_DE"
"KLF2",-0.697851577854483,1.91657283126568e-05,TRUE,-0.045784594739557,0.906576676344071,FALSE,TRUE,FALSE,"topology_primary",TRUE,"OSA_hub_x_MASLD_DE"
"PLEK",-0.765091439469354,2.01615934388573e-05,TRUE,0.11365897829847,0.720599340718693,FALSE,TRUE,FALSE,"topology_primary",FALSE,"OSA_hub_x_MASLD_DE"
"WDTC1",-0.334119192292623,2.24537355335723e-05,TRUE,0.000631022867553993,0.997821750035871,FALSE,TRUE,FALSE,"topology_primary",FALSE,"OSA_hub_x_MASLD_DE"
"BTBD2",-0.815628124135785,2.29523431459142e-05,TRUE,-0.108764750572935,0.728835326629751,FALSE,TRUE,FALSE,"topology_primary",TRUE,"OSA_hub_x_MASLD_DE"
"MVP",0.821326647602918,2.69729943118728e-05,TRUE,-0.0658073386303419,0.803627635208964,FALSE,TRUE,FALSE,"topology_primary",FALSE,"OSA_hub_x_MASLD_DE"
"RPL8",0.580890691861083,2.7141288780241e-05,TRUE,-0.261426910944154,0.43488145042923,FALSE,TRUE,FALSE,"topology_primary",FALSE,"OSA_hub_x_MASLD_DE"
"RPS3A",0.345180952281789,2.95570925099815e-05,TRUE,0.359891840332543,0.527380256560278,FALSE,TRUE,FALSE,"topology_primary",TRUE,"OSA_hub_x_MASLD_DE"
"ZNF138",0.62797080828832,4.32576612493074e-05,TRUE,0.307618490305555,0.362799268484138,FALSE,TRUE,FALSE,"topology_primary",TRUE,"OSA_hub_x_MASLD_DE"
"MIF",-1.42361826824378,5.47373769265011e-05,TRUE,-0.0915086888749067,0.806154548474055,FALSE,TRUE,FALSE,"topology_primary",TRUE,"OSA_hub_x_MASLD_DE"
"SLCO2B1",-0.408108314801702,6.11492707088301e-05,TRUE,0.140798262166876,0.66849452353033,FALSE,TRUE,FALSE,"topology_primary",FALSE,"OSA_hub_x_MASLD_DE"
"SH3GL1",-0.492556594376364,7.11066851386894e-05,TRUE,-0.148095135817647,0.569671494260302,FALSE,TRUE,FALSE,"topology_primary",TRUE,"OSA_hub_x_MASLD_DE"
"GNG11",0.416390574527619,8.62013709456015e-05,TRUE,0.256771767466992,0.573669178639119,FALSE,TRUE,FALSE,"topology_primary",TRUE,"OSA_hub_x_MASLD_DE"
"NDUFAF3",-0.531092337965465,9.66731778287756e-05,TRUE,-0.0834902168638259,0.814755763882161,FALSE,TRUE,FALSE,"topology_primary",TRUE,"OSA_hub_x_MASLD_DE"
"TGFBI",0.541252462369707,0.000114943692994867,TRUE,-0.0447212825940965,0.905885810154966,FALSE,TRUE,FALSE,"topology_primary",FALSE,"OSA_hub_x_MASLD_DE"
"IFTAP",0.4543181110135,0.000116595694324374,TRUE,0.242635247326561,0.362799268484138,FALSE,TRUE,FALSE,"topology_primary",TRUE,"OSA_hub_x_MASLD_DE"
"PPP1R15B",-0.416374157818332,0.00016929108679488,TRUE,0.144497757161239,0.718083945347616,FALSE,TRUE,FALSE,"topology_primary",FALSE,"OSA_hub_x_MASLD_DE"
"PNPLA2",-0.727295390553968,0.00016956747955963,TRUE,-0.116253804779124,0.784004120873499,FALSE,TRUE,FALSE,"topology_primary",TRUE,"OSA_hub_x_MASLD_DE"
"PPP1R15A",0.389980862781745,0.000233918886233169,TRUE,0.0634732569790602,0.886564763199206,FALSE,TRUE,FALSE,"topology_primary",TRUE,"OSA_hub_x_MASLD_DE"
"PRPF40A",0.434614632657267,0.000246508751331534,TRUE,0.298190170633975,0.301234962008717,FALSE,TRUE,FALSE,"topology_primary",TRUE,"OSA_hub_x_MASLD_DE"
"PROCR",0.665690336863083,0.000251303725255131,TRUE,0.00382705242333245,0.993636753629402,FALSE,TRUE,FALSE,"topology_primary",TRUE,"OSA_hub_x_MASLD_DE"
"THBS3",0.445205287666378,0.000284079948581257,TRUE,-0.0779120602804943,0.898528196713908,FALSE,TRUE,FALSE,"topology_primary",FALSE,"OSA_hub_x_MASLD_DE"
"SELENON",-0.458166704107945,0.000336423218809884,TRUE,-0.0886725279294715,0.751210104256147,FALSE,TRUE,FALSE,"topology_primary",TRUE,"OSA_hub_x_MASLD_DE"
"DIPK1C",-1.24224086947702,0.000358062761767594,TRUE,-0.0342849664489235,0.935077938220009,FALSE,TRUE,FALSE,"topology_primary",TRUE,"OSA_hub_x_MASLD_DE"
"GJC1",1.21027713644304,0.000404352101406562,TRUE,0.116739815379786,0.77505378626325,FALSE,TRUE,FALSE,"topology_primary",TRUE,"OSA_hub_x_MASLD_DE"
"RPS8",0.311284611455497,0.000506054828347014,TRUE,0.0167777660187046,0.961654985073137,FALSE,TRUE,FALSE,"topology_primary",TRUE,"OSA_hub_x_MASLD_DE"
"MAOA",-0.387017285101807,0.000532544395993583,TRUE,0.108486414150503,0.827496443826512,FALSE,TRUE,FALSE,"topology_primary",FALSE,"OSA_hub_x_MASLD_DE"
"UTP15",-0.378608088651138,0.000613017101066369,TRUE,0.477621577748126,0.268314242386759,FALSE,TRUE,FALSE,"topology_primary",FALSE,"OSA_hub_x_MASLD_DE"
"ZNF385B",-0.420354734650077,0.000699106888021423,TRUE,-0.258353975233963,0.356737484841204,FALSE,TRUE,FALSE,"topology_primary",TRUE,"OSA_hub_x_MASLD_DE"
"COL5A1",0.724917629396619,0.000856728544990088,TRUE,-0.0159511293851558,0.973614835779651,FALSE,TRUE,FALSE,"topology_primary",FALSE,"OSA_hub_x_MASLD_DE"
"ABCD1",-0.510919280532155,0.000949848102796069,TRUE,-0.214487844661835,0.445991366501516,FALSE,TRUE,FALSE,"topology_primary",TRUE,"OSA_hub_x_MASLD_DE"
"DNAJC24",0.400838884940087,0.00127489876993246,TRUE,0.474393356644829,0.268314242386759,FALSE,TRUE,FALSE,"topology_primary",TRUE,"OSA_hub_x_MASLD_DE"
"WDR83OS",0.374271398638982,0.00136162631465298,TRUE,-0.219908603957791,0.426825280040005,FALSE,TRUE,FALSE,"topology_primary",FALSE,"OSA_hub_x_MASLD_DE"
"CTBP1",-0.512273864175908,0.00140098676857332,TRUE,-0.0495441231326582,0.883543220347929,FALSE,TRUE,FALSE,"topology_primary",TRUE,"OSA_hub_x_MASLD_DE"
"DUS1L",-0.370259386093371,0.00186806914139372,TRUE,-0.107696686930564,0.74764528661048,FALSE,TRUE,FALSE,"topology_primary",TRUE,"OSA_hub_x_MASLD_DE"
"CD53",-0.573989636719775,0.00209722873612252,TRUE,0.222979963483204,0.532478648202126,FALSE,TRUE,FALSE,"topology_primary",FALSE,"OSA_hub_x_MASLD_DE"
"GPD1",0.391310275069949,0.00234607862923249,TRUE,0.0790226579111027,0.854462950258433,FALSE,TRUE,FALSE,"topology_primary",TRUE,"OSA_hub_x_MASLD_DE"
"PLCD1",-0.341648035882957,0.00242787793165494,TRUE,-0.101167579183939,0.64753011470309,FALSE,TRUE,FALSE,"topology_primary",TRUE,"OSA_hub_x_MASLD_DE"
"PIK3C2B",-0.338425919610317,0.00309141746352285,TRUE,0.0803292218157806,0.823734787550924,FALSE,TRUE,FALSE,"topology_primary",FALSE,"OSA_hub_x_MASLD_DE"
"GPRC5B",0.415587183368111,0.00364606410943072,TRUE,0.141023415681515,0.769171883437843,FALSE,TRUE,FALSE,"topology_primary",TRUE,"OSA_hub_x_MASLD_DE"
"EFNB3",0.497673513173143,0.00450731142151749,TRUE,-0.29111348739173,0.340755444206498,FALSE,TRUE,FALSE,"topology_primary",FALSE,"OSA_hub_x_MASLD_DE"
"ZNHIT6",-0.313216713846528,0.00655322586654416,TRUE,0.447068761097761,0.268314242386759,FALSE,TRUE,FALSE,"topology_primary",FALSE,"OSA_hub_x_MASLD_DE"
"YPEL2",-0.425257766861282,0.00716050907643699,TRUE,0.214927469230669,0.550173388365041,FALSE,TRUE,FALSE,"topology_primary",FALSE,"OSA_hub_x_MASLD_DE"
"STUB1",0.35127133302983,0.00988044306275387,TRUE,-0.192595529224542,0.617822463190408,FALSE,TRUE,FALSE,"topology_primary",FALSE,"OSA_hub_x_MASLD_DE"
"ATP1A1",-0.326279681943669,0.0117553907338402,TRUE,0.104111891239287,0.827496443826512,FALSE,TRUE,FALSE,"topology_primary",FALSE,"OSA_hub_x_MASLD_DE"
"WFS1",-0.378114747982982,0.0118722949713426,TRUE,-0.0858977944079266,0.774743470544747,FALSE,TRUE,FALSE,"topology_primary",TRUE,"OSA_hub_x_MASLD_DE"
"BRI3",-0.376437404588411,0.0201841858522999,TRUE,0.0626001570076347,0.867085024948716,FALSE,TRUE,FALSE,"topology_primary",FALSE,"OSA_hub_x_MASLD_DE"
"TRIP6",0.387408312854956,0.0203967449576835,TRUE,-0.0826434606174534,0.79600175812803,FALSE,TRUE,FALSE,"topology_primary",FALSE,"OSA_hub_x_MASLD_DE"
"PARVG",-0.461039108394309,0.0221382567912255,TRUE,-0.0180588875247706,0.949694115745409,FALSE,TRUE,FALSE,"topology_primary",TRUE,"OSA_hub_x_MASLD_DE"
"DPYSL3",0.415214405440267,0.0234512544039375,TRUE,-0.09033167112369,0.8449920619082,FALSE,TRUE,FALSE,"topology_primary",FALSE,"OSA_hub_x_MASLD_DE"
"SLC2A3",-0.357010982393561,0.0255168589845377,TRUE,0.181408431656348,0.814838605866839,FALSE,TRUE,FALSE,"topology_primary",FALSE,"OSA_hub_x_MASLD_DE"
"GAS6",0.375033992777506,0.0329391085639854,TRUE,-0.192322790880489,0.715597074965097,FALSE,TRUE,FALSE,"topology_primary",FALSE,"OSA_hub_x_MASLD_DE"
"RO60",-0.419383640554221,0.0350602213795273,TRUE,0.482973284945243,0.268314242386759,FALSE,TRUE,FALSE,"topology_primary",FALSE,"OSA_hub_x_MASLD_DE"
"EBF1",0.785293119659783,0.0397355949214021,TRUE,0.118850894109303,0.73818100861712,FALSE,TRUE,FALSE,"topology_primary",TRUE,"OSA_hub_x_MASLD_DE"
