"Gene","Module","MAD","kME","HubRule"
"ODR4","turquoise",0.3065712867,0.9777659692776,"topology_only_abs_kME"
"STRN3","turquoise",0.3193409205,0.968700766089221,"topology_only_abs_kME"
"BROX","turquoise",0.3324419154,0.968271668125163,"topology_only_abs_kME"
"LZIC","turquoise",0.2609516847,0.963840303105236,"topology_only_abs_kME"
"CAPZA2","turquoise",0.260045074799999,0.961993252449651,"topology_only_abs_kME"
"PRPF40A","turquoise",0.2999492538,0.9606810972948,"topology_only_abs_kME"
"SLU7","turquoise",0.417415651800001,0.958774875763831,"topology_only_abs_kME"
"ATAD1","turquoise",0.286164780300001,0.957794024887354,"topology_only_abs_kME"
"UTP15","turquoise",0.2696938356,0.954247880787581,"topology_only_abs_kME"
"DNAJC24","turquoise",0.264835355400001,0.952194454733333,"topology_only_abs_kME"
"STXBP3","turquoise",0.330729512400001,0.951157533077856,"topology_only_abs_kME"
"RO60","turquoise",0.3438423681,0.950851090146273,"topology_only_abs_kME"
"MARCHF7","turquoise",0.314143666199999,0.950246928012075,"topology_only_abs_kME"
"FASTKD2","turquoise",0.2997342768,0.950188136355473,"topology_only_abs_kME"
"DYNC1I2","turquoise",0.2669955036,0.950022161643803,"topology_only_abs_kME"
"SLC71A1","turquoise",0.413351845199997,0.946290177780476,"topology_only_abs_kME"
"HNRNPU","turquoise",0.321676756799999,0.944972719386236,"topology_only_abs_kME"
"ZNHIT6","turquoise",0.3072503175,0.944728414024937,"topology_only_abs_kME"
"PKN2","turquoise",0.3487060374,0.94404917862579,"topology_only_abs_kME"
"NBEAL1","turquoise",0.532898330999999,0.943775069298551,"topology_only_abs_kME"
"SLC2A14","purple",0.4686854424,0.935404634644143,"topology_only_abs_kME"
"SLC2A3","purple",0.802353468,0.923372098545637,"topology_only_abs_kME"
"NR4A3","purple",0.3134386899,0.921915457687887,"topology_only_abs_kME"
"EGR1","purple",0.873407073000001,0.912385502922385,"topology_only_abs_kME"
"PPP1R15B","purple",0.286166262900001,0.910037528761389,"topology_only_abs_kME"
"SOCS3","purple",0.9854604984,0.895674142667996,"topology_only_abs_kME"
"HBEGF","purple",0.3440084193,0.88896204484504,"topology_only_abs_kME"
"ZFP36","purple",0.820445635799999,0.878611757498004,"topology_only_abs_kME"
"KLF4","purple",0.448182567,0.873435286421653,"topology_only_abs_kME"
"MYC","purple",0.582546898499999,0.868246316129719,"topology_only_abs_kME"
"EGR3","purple",0.4238634792,0.864929352085673,"topology_only_abs_kME"
"SLC25A25","purple",0.452338294800001,0.864089289147964,"topology_only_abs_kME"
"BHLHE40","purple",0.4440283218,0.862544774143025,"topology_only_abs_kME"
"ANK2","purple",0.503802306000001,0.855951772357294,"topology_only_abs_kME"
"PELI1","purple",0.3959216583,0.85330346432059,"topology_only_abs_kME"
"CDKN1A","purple",0.350829120600001,0.850345737190531,"topology_only_abs_kME"
"TRIB1","purple",0.535722684,0.843250025129354,"topology_only_abs_kME"
"PPP1R15A","purple",0.3049834221,0.843054914060103,"topology_only_abs_kME"
"JUNB","purple",0.760673875499999,0.842085446046935,"topology_only_abs_kME"
"NR4A1","purple",0.588443940000001,0.840689551046552,"topology_only_abs_kME"
"NCKAP1L","magenta",0.325592303400001,0.915097446013154,"topology_only_abs_kME"
"FCER1G","magenta",0.357423725399999,0.912895000145124,"topology_only_abs_kME"
"DOCK2","magenta",0.3641814162,0.905215658776505,"topology_only_abs_kME"
"CD4","magenta",0.274392936300001,0.893654807687226,"topology_only_abs_kME"
"VSIG4","magenta",0.3163705314,0.878753156623981,"topology_only_abs_kME"
"OTULINL","magenta",0.3744788145,0.877978406385695,"topology_only_abs_kME"
"C1QA","magenta",0.4662361872,0.86687729801967,"topology_only_abs_kME"
"PLEK","magenta",0.293651910300001,0.863436057186447,"topology_only_abs_kME"
"SLCO2B1","magenta",0.4036385913,0.857640495600013,"topology_only_abs_kME"
"IL10RA","magenta",0.299796545999999,0.85233767728594,"topology_only_abs_kME"
"VAMP8","magenta",0.4621145592,0.847416326755968,"topology_only_abs_kME"
"CD53","magenta",0.374256424500003,0.845228392820185,"topology_only_abs_kME"
"SLC7A7","magenta",0.3821527521,0.840804437593951,"topology_only_abs_kME"
"CD68","magenta",0.3646395396,0.837745174693931,"topology_only_abs_kME"
"NPL","magenta",0.3017098413,0.835351785348514,"topology_only_abs_kME"
"LAPTM5","magenta",0.4676350203,0.824613313643769,"topology_only_abs_kME"
"PARVG","magenta",0.2721482799,0.823930148602992,"topology_only_abs_kME"
"ADA2","magenta",0.4308190971,0.81688504361819,"topology_only_abs_kME"
"TGFBI","magenta",0.3513406176,0.815813447832401,"topology_only_abs_kME"
"IFI30","magenta",0.511956606000001,0.811027152494043,"topology_only_abs_kME"
"OLFML2B","salmon",0.2715945288,0.907817309231439,"topology_only_abs_kME"
"PCOLCE","salmon",0.392851935000001,0.898522738556269,"topology_only_abs_kME"
"ITGA5","salmon",0.2938616982,0.891896780005292,"topology_only_abs_kME"
"SNORA33","salmon",0.4289376777,0.862741030869956,"topology_only_abs_kME"
"THBS3","salmon",0.3985139844,0.856518732204352,"topology_only_abs_kME"
"STING1","salmon",0.2992731882,0.830771303240911,"topology_only_abs_kME"
"COL1A2","salmon",0.597146802,0.829854061136853,"topology_only_abs_kME"
"SEC24D","salmon",0.2721401256,0.821744285828973,"topology_only_abs_kME"
"ATP1A1","salmon",0.410736538799999,0.816370713394815,"topology_only_abs_kME"
"COL5A1","salmon",0.370433540399999,0.807597392934703,"topology_only_abs_kME"
"DPYSL3","salmon",0.3406614498,0.806243520207928,"topology_only_abs_kME"
"PROCR","salmon",0.3116781024,0.804564657723118,"topology_only_abs_kME"
"COL1A1","salmon",0.835489577999999,0.803827146197109,"topology_only_abs_kME"
"SLC7A2","salmon",0.317876111700001,0.802930306368587,"topology_only_abs_kME"
"SCARNA6","green",0.474702574499999,0.942178637518023,"topology_only_abs_kME"
"PHOX2A","green",0.300422203200001,0.939128194704477,"topology_only_abs_kME"
"RPS27A","green",0.388183968900001,0.930727905273561,"topology_only_abs_kME"
"C1QL1","green",0.2730541485,0.920903322403786,"topology_only_abs_kME"
"ATP5ME","green",0.3464598984,0.92035615648672,"topology_only_abs_kME"
"SELENOM","green",0.288189270599999,0.918738903295598,"topology_only_abs_kME"
"CHST14","green",0.287395338299999,0.911036187107826,"topology_only_abs_kME"
"BAG1","green",0.2682638679,0.909285591864338,"topology_only_abs_kME"
"FOXB2","green",0.296617851599998,0.908065066062426,"topology_only_abs_kME"
"POU5F1P3","green",0.378068189100001,0.907634876086738,"topology_only_abs_kME"
"PCSK1N","green",0.3317221131,0.903794702716411,"topology_only_abs_kME"
"RPL36","green",0.3743520522,0.895904533638636,"topology_only_abs_kME"
"ZNRF2P1","green",0.299448135,0.894736085782894,"topology_only_abs_kME"
"KLF2","green",0.413248804500002,0.89125389236474,"topology_only_abs_kME"
"RPL35","green",0.4236966867,0.890886177666533,"topology_only_abs_kME"
"RNU4-1","green",0.614605158299999,0.889947652453118,"topology_only_abs_kME"
"PFDN5","green",0.318269742,0.888963659954062,"topology_only_abs_kME"
"HOXD13","green",0.2908105074,0.885391663652505,"topology_only_abs_kME"
"RNU6ATAC","green",0.3639152895,0.885143192393045,"topology_only_abs_kME"
"NDUFA1","green",0.552602826300002,0.88503948283715,"topology_only_abs_kME"
"EOGT","blue",0.2737228011,0.933969515055131,"topology_only_abs_kME"
"PCYOX1","blue",0.31179078,0.930572697773839,"topology_only_abs_kME"
"PCYT1A","blue",0.2631778086,0.927874733783652,"topology_only_abs_kME"
"TMEM47","blue",0.3511515861,0.925686947482223,"topology_only_abs_kME"
"YPEL2","blue",0.3556838943,0.921774981991848,"topology_only_abs_kME"
"EPHX1","blue",0.325797643499999,0.911956618964838,"topology_only_abs_kME"
"HECTD1","blue",0.3042302613,0.907841056105034,"topology_only_abs_kME"
"PPM1B","blue",0.3355457385,0.903826255207884,"topology_only_abs_kME"
"AR","blue",0.584558786699998,0.903604043454741,"topology_only_abs_kME"
"MCAM","blue",0.311368239,0.900024119114758,"topology_only_abs_kME"
"SLC7A6","blue",0.311045032199999,0.898217244220544,"topology_only_abs_kME"
"GPD1","blue",0.349248669,0.898136922640177,"topology_only_abs_kME"
"EIF3F","blue",0.2820787347,0.897628700816443,"topology_only_abs_kME"
"PCDH9","blue",0.740471226600001,0.893336049337445,"topology_only_abs_kME"
"EBF1","blue",0.395646635999999,0.892983616461136,"topology_only_abs_kME"
"BNIP3L","blue",0.331827377699999,0.892243365813351,"topology_only_abs_kME"
"MAOA","blue",0.634115432999999,0.891954771060173,"topology_only_abs_kME"
"MFN2","blue",0.290545121999999,0.889590832390254,"topology_only_abs_kME"
"NSD3","blue",0.2596610814,0.883050848627848,"topology_only_abs_kME"
"CTNNA1","blue",0.2975074116,0.882215400709572,"topology_only_abs_kME"
"MPLKIP","cyan",0.946373231999998,0.954449052892519,"topology_only_abs_kME"
"TMSB4XP2","cyan",0.335518310400001,0.939126561202549,"topology_only_abs_kME"
"ZNF257","cyan",0.500843777699999,0.936149709067275,"topology_only_abs_kME"
"UQCRBP1","cyan",0.3941410557,0.935618373221879,"topology_only_abs_kME"
"ANXA2P1","cyan",0.587071793700001,0.930379012237724,"topology_only_abs_kME"
"ZNF845","cyan",0.5515650063,0.917178962023895,"topology_only_abs_kME"
"NACA4P","cyan",0.3921306501,0.913543739031319,"topology_only_abs_kME"
"FABP4","cyan",0.361242903000001,0.895993702291353,"topology_only_abs_kME"
"HSP90AA6P","cyan",0.926277330300001,0.893494558850468,"topology_only_abs_kME"
"PRKAR2B","cyan",0.27339144,0.877798158292161,"topology_only_abs_kME"
"CTCFL","cyan",0.4123503489,0.872001509996635,"topology_only_abs_kME"
"ZNF138","cyan",0.441879293100001,0.869500334857281,"topology_only_abs_kME"
"HSP90AA2P","cyan",0.31898139,0.868590068790756,"topology_only_abs_kME"
"SUMO1","cyan",0.5494930728,0.864757419451802,"topology_only_abs_kME"
"DCTN6","cyan",0.325955540400001,0.864591512780734,"topology_only_abs_kME"
"RPS3A","cyan",0.411488217,0.863873980813725,"topology_only_abs_kME"
"IFTAP","cyan",0.354389584499999,0.859103554632448,"topology_only_abs_kME"
"ZNF253","cyan",0.6491423253,0.852551141007723,"topology_only_abs_kME"
"RPL13AP6","cyan",0.3920935851,0.850832206289839,"topology_only_abs_kME"
"RPL23P8","cyan",0.612230774399999,0.845299049525457,"topology_only_abs_kME"
"SNORD96A","brown",0.4268086641,0.942263633209673,"topology_only_abs_kME"
"GAS6","brown",0.493980080999999,0.940907344515961,"topology_only_abs_kME"
"EFEMP2","brown",0.2601918522,0.935092978959214,"topology_only_abs_kME"
"ALG12","brown",0.2828089152,0.932377867559645,"topology_only_abs_kME"
"MIF","brown",0.277745094899998,0.928396816892696,"topology_only_abs_kME"
"NECTIN2","brown",0.398069204400001,0.90463529125311,"topology_only_abs_kME"
"BTBD2","brown",0.302222079599999,0.903852314526717,"topology_only_abs_kME"
"RPL8","brown",0.294874314000001,0.899646818730595,"topology_only_abs_kME"
"TRIP6","brown",0.2858927232,0.882924870960674,"topology_only_abs_kME"
"MVP","brown",0.2881351557,0.880506885791834,"topology_only_abs_kME"
"BET1L","brown",0.3153393831,0.879640503242794,"topology_only_abs_kME"
"SH3GL1","brown",0.305119821300001,0.878761573966854,"topology_only_abs_kME"
"SELENON","brown",0.270992593199999,0.875462616845989,"topology_only_abs_kME"
"VARS1","brown",0.280352247,0.874703093068745,"topology_only_abs_kME"
"RIPOR1","brown",0.2673083322,0.873113560427691,"topology_only_abs_kME"
"TECPR1","brown",0.2753010288,0.871855196927289,"topology_only_abs_kME"
"ATN1","brown",0.2975711634,0.870868708577232,"topology_only_abs_kME"
"SNRPB","brown",0.2876977887,0.869272342998015,"topology_only_abs_kME"
"PLCD1","brown",0.2897904786,0.860592901502491,"topology_only_abs_kME"
"ATP6V0B","brown",0.279707316,0.857981207933215,"topology_only_abs_kME"
"WDTC1","black",0.307692132299999,0.942535333681257,"topology_only_abs_kME"
"FLNB","black",0.3616039161,0.934535407880812,"topology_only_abs_kME"
"KBTBD7","black",0.2999196018,0.927037629947232,"topology_only_abs_kME"
"DHRS3","black",0.439486376700001,0.926082515925588,"topology_only_abs_kME"
"PPP1R13B","black",0.2933272209,0.923790593722686,"topology_only_abs_kME"
"PIK3C2B","black",0.388952697,0.923562347423019,"topology_only_abs_kME"
"TUBGCP4","black",0.319824248100001,0.907908414182009,"topology_only_abs_kME"
"ZC3H7B","black",0.341190738,0.907075113296162,"topology_only_abs_kME"
"ITPKB","black",0.3534903876,0.906853650339959,"topology_only_abs_kME"
"SLC35E2A","black",0.3353811699,0.906070389024189,"topology_only_abs_kME"
"PLCG1","black",0.3547972995,0.897045745395719,"topology_only_abs_kME"
"SLC12A4","black",0.339288562199997,0.897009980300132,"topology_only_abs_kME"
"NPR1","black",0.348858745200001,0.892800332046078,"topology_only_abs_kME"
"GJC1","black",0.300262082399999,0.891387710859667,"topology_only_abs_kME"
"TSC2","black",0.2652467769,0.888675122268145,"topology_only_abs_kME"
"GPRC5B","black",0.465460046099999,0.887977220844013,"topology_only_abs_kME"
"ROBO4","black",0.284915689800001,0.884061258684283,"topology_only_abs_kME"
"VWF","black",0.635160665999999,0.883392821945688,"topology_only_abs_kME"
"DPYSL2","black",0.290029177200002,0.88286264830594,"topology_only_abs_kME"
"CIRBP","black",0.29837325,0.881973884744324,"topology_only_abs_kME"
"RPL24","midnightblue",0.302910006000001,0.938059247970173,"topology_only_abs_kME"
"NDUFB6","midnightblue",0.2973087432,0.908280972305118,"topology_only_abs_kME"
"SNRPG","midnightblue",0.4194030771,0.895487098834755,"topology_only_abs_kME"
"BRI3","midnightblue",0.430261639499998,0.891943024830835,"topology_only_abs_kME"
"RPSAP15","midnightblue",0.391453843199999,0.872590396211903,"topology_only_abs_kME"
"TMA7","midnightblue",0.293701577400001,0.864977642708954,"topology_only_abs_kME"
"SNORD58A","midnightblue",0.4433589279,0.858645834089764,"topology_only_abs_kME"
"NDUFB1","midnightblue",0.3047439822,0.85742525094221,"topology_only_abs_kME"
"SNRPE","midnightblue",0.495106857,0.846789909359611,"topology_only_abs_kME"
"RPS8","midnightblue",0.301879599000001,0.835057393556889,"topology_only_abs_kME"
"RPL26","midnightblue",0.401419139099999,0.834034207084726,"topology_only_abs_kME"
"EEF1G","midnightblue",0.303910761000001,0.829100055025156,"topology_only_abs_kME"
"COMMD6","midnightblue",0.2790683154,0.821460211841215,"topology_only_abs_kME"
"SUZ12P1","midnightblue",0.3628433697,0.813196736767059,"topology_only_abs_kME"
"GNG11","midnightblue",0.327447035999999,0.812059432673992,"topology_only_abs_kME"
"COPRS","midnightblue",0.288973566,0.810348562533157,"topology_only_abs_kME"
"PPP4R3C","red",0.2599902186,0.832420324705433,"topology_only_abs_kME"
"ZNF385B","red",0.2852663247,0.806482873730887,"topology_only_abs_kME"
"C16orf46","red",0.3734283924,0.801040374457973,"topology_only_abs_kME"
"BCKDK","yellow",0.3832031742,0.961503735534346,"topology_only_abs_kME"
"STUB1","yellow",0.429088902900001,0.959668297931989,"topology_only_abs_kME"
"CTBP1","yellow",0.2943012891,0.958452339591845,"topology_only_abs_kME"
"PNPLA2","yellow",0.336461244000001,0.955522458684204,"topology_only_abs_kME"
"WFS1","yellow",0.391178820899999,0.952503560435283,"topology_only_abs_kME"
"IQSEC1","yellow",0.3922344321,0.934510746890983,"topology_only_abs_kME"
"PTPRF","yellow",0.375882095400001,0.932320344634079,"topology_only_abs_kME"
"TYRO3","yellow",0.367773756000001,0.92803813207417,"topology_only_abs_kME"
"NDUFAF3","yellow",0.3415258056,0.923910480183475,"topology_only_abs_kME"
"ACADS","yellow",0.3054571128,0.919547584720595,"topology_only_abs_kME"
"CDH20","yellow",0.3254195805,0.919046274484664,"topology_only_abs_kME"
"PIEZO1","yellow",0.441097962900001,0.91300968067482,"topology_only_abs_kME"
"DUS1L","yellow",0.296505915300002,0.911555829729432,"topology_only_abs_kME"
"HECTD3","yellow",0.264276415199998,0.907043802794227,"topology_only_abs_kME"
"FBXW5","yellow",0.314718915,0.906012788786674,"topology_only_abs_kME"
"ABCD1","yellow",0.4225172784,0.901306026432593,"topology_only_abs_kME"
"WDR83OS","yellow",0.3126551358,0.900798782757209,"topology_only_abs_kME"
"POLR3H","yellow",0.2978951115,0.899289221830158,"topology_only_abs_kME"
"KANK2","yellow",0.308853749400002,0.897199687023257,"topology_only_abs_kME"
"MARCHF2","yellow",0.2929372971,0.895597427320212,"topology_only_abs_kME"
"SPRR4","tan",0.2764300287,0.903006813142681,"topology_only_abs_kME"
"LOC403312","tan",0.271848794700001,0.876758560508419,"topology_only_abs_kME"
"LINC01121","tan",0.2958572778,0.869824764974252,"topology_only_abs_kME"
"FSCN2","tan",0.2817807321,0.862398602320431,"topology_only_abs_kME"
"MMP11","tan",0.2837852073,0.853146915936231,"topology_only_abs_kME"
"OR51A7","tan",0.3661488264,0.847634155205072,"topology_only_abs_kME"
"OR5A1","tan",0.3352848009,0.846944297527575,"topology_only_abs_kME"
"GPR3","tan",0.2675225679,0.844271382935815,"topology_only_abs_kME"
"H2BC17","tan",0.3766641669,0.837940742299403,"topology_only_abs_kME"
"OR7D4","tan",0.270048177,0.83594307164843,"topology_only_abs_kME"
"LINC00452","tan",0.264456551099999,0.834812543104471,"topology_only_abs_kME"
"LOC646471","tan",0.268813171200001,0.832830172905715,"topology_only_abs_kME"
"FOXA2","tan",0.2952953724,0.826330956784659,"topology_only_abs_kME"
"FOXP3","tan",0.2688050169,0.817922217372087,"topology_only_abs_kME"
"H2BC8","tan",0.2685633531,0.815670619195779,"topology_only_abs_kME"
"ASCL3","tan",0.3122681772,0.811433314652745,"topology_only_abs_kME"
"SHISAL2A","tan",0.286923130200001,0.807771927059345,"topology_only_abs_kME"
"GABRG3","tan",0.3565823499,0.806544189597249,"topology_only_abs_kME"
"TMEM132E-DT","tan",0.362033870099999,0.800603172812734,"topology_only_abs_kME"
"KRT76","pink",0.2673253821,0.924537032793085,"topology_only_abs_kME"
"OR51I2","pink",0.3301668657,0.905831939924035,"topology_only_abs_kME"
"CLDN16","pink",0.2968432068,0.890731528690659,"topology_only_abs_kME"
"KCNJ16","pink",0.315589942500001,0.88329053596928,"topology_only_abs_kME"
"MUC17","pink",0.269862852,0.879181787223863,"topology_only_abs_kME"
"PTCHD1","pink",0.2646433587,0.863518904925142,"topology_only_abs_kME"
"GJB7","pink",0.2732239062,0.861369618973882,"topology_only_abs_kME"
"STX19","pink",0.3166047822,0.850759494096138,"topology_only_abs_kME"
"TAAR3P","pink",0.3535719306,0.850024981138807,"topology_only_abs_kME"
"OR4D10","pink",0.3071917548,0.846357613855084,"topology_only_abs_kME"
"MIR31HG","pink",0.3407985903,0.843664126849698,"topology_only_abs_kME"
"PRSS16","pink",0.272753922,0.84213645564677,"topology_only_abs_kME"
"PRAMENP","pink",0.270894000299999,0.836185741891536,"topology_only_abs_kME"
"GLB1L3","pink",0.2973191214,0.836070722492063,"topology_only_abs_kME"
"DIPK1C","pink",0.3064445244,0.834239504368491,"topology_only_abs_kME"
"OR6B1","pink",0.2602155738,0.825896012774376,"topology_only_abs_kME"
"LINGO2","pink",0.283178082599999,0.817677410728727,"topology_only_abs_kME"
"ACER1","pink",0.270856193999999,0.817034262737357,"topology_only_abs_kME"
"HMGN2P46","pink",0.268031099700001,0.811770200147816,"topology_only_abs_kME"
"MCF2L2","pink",0.2764767306,0.809013713407934,"topology_only_abs_kME"
"CGN","greenyellow",0.2671823112,0.89871666362766,"topology_only_abs_kME"
"TYR","greenyellow",0.440843696999999,0.89559594241283,"topology_only_abs_kME"
"MYL7","greenyellow",0.3589782315,0.875951791205391,"topology_only_abs_kME"
"POM121L4P","greenyellow",0.297855081299999,0.87403761605551,"topology_only_abs_kME"
"EXD1","greenyellow",0.261135527100001,0.872529016760118,"topology_only_abs_kME"
"MIRLET7D","greenyellow",0.5306885157,0.850415821649068,"topology_only_abs_kME"
"TTTY12","greenyellow",0.3009922629,0.843731324237567,"topology_only_abs_kME"
"HMGB3P1","greenyellow",0.3134001423,0.842033144018219,"topology_only_abs_kME"
"KRT18","greenyellow",0.3552991596,0.836401437055951,"topology_only_abs_kME"
"EFNB3","greenyellow",0.336060942,0.835234919090448,"topology_only_abs_kME"
"SNORD115-24","greenyellow",0.3673942104,0.82759661257526,"topology_only_abs_kME"
"EPYC","greenyellow",0.3405635982,0.826385609093278,"topology_only_abs_kME"
"MIR200C","greenyellow",0.3018076929,0.824608377833451,"topology_only_abs_kME"
"OTOL1","greenyellow",0.3366502755,0.823586453328194,"topology_only_abs_kME"
"SLC8A2","greenyellow",0.266671555499998,0.813322580714764,"topology_only_abs_kME"
"LINC00687","greenyellow",0.547134997499999,0.810362648695748,"topology_only_abs_kME"
"ELF5","greenyellow",0.3690999417,0.808357449154279,"topology_only_abs_kME"
"TMEM179","greenyellow",0.2830335291,0.808337122321578,"topology_only_abs_kME"
